date,uid,joueur,book,prix_signale,cloture,ecart_annonce,clv,source,exclu,match_id,gele_le
2026-08-04T15:40,2026-08-04_adam_walton_jenson_brooksby,Adam Walton,betsson,1.95,2.0,8.4,-2.5,hist,,adam-walton_vs_brooksby-jenson@2026-08-04,2026-08-19
2026-08-04T22:00,2026-08-05_luciano_darderi_gabriel_diallo,Gabriel Diallo,bet365,1.8,1.667,8.8,8.0,hist,,darderi-luciano_vs_diallo-gabriel@2026-08-05,2026-08-16
2026-08-04T22:00,2026-08-04_frances_tiafoe_marin_cilic,Frances Tiafoe,leovegas,1.54,1.43,3.8,7.7,hist,,cilic-marin_vs_frances-tiafoe@2026-08-04,2026-08-18
2026-08-04T22:00,2026-08-04_frances_tiafoe_marin_cilic,Frances Tiafoe,bet365,1.533,1.444,3.3,6.2,hist,,id1200828573252812,2026-08-16
2026-08-04T22:00,2026-08-05_luciano_darderi_gabriel_diallo,Gabriel Diallo,bet365.fr,1.74,1.667,5.1,4.4,hist,,darderi-luciano_vs_diallo-gabriel@2026-08-05,2026-08-16
2026-08-05T12:00,2026-08-05_raphael_collignon_alexei_popyrin,Alexei Popyrin,bet365,2.625,2.375,5.4,10.5,hist,,id1200828573252832,2026-08-16
2026-08-05T12:00,2026-08-05_raphael_collignon_alexei_popyrin,Alexei Popyrin,unibet,2.55,2.4,2.4,6.2,hist,,id1200828573252832,2026-08-16
2026-08-05T13:40,2026-08-05_nuno_borges_tomas_martin_etcheverry,Tomas Martin Etcheverry,bet365,2.625,2.5,5.9,5.0,hist,,id1200828573252822,2026-08-16
2026-08-05T13:40,2026-08-05_nuno_borges_tomas_martin_etcheverry,Tomas Martin Etcheverry,bet365.fr,2.54,2.5,2.5,1.6,hist,,id1200828573252822,2026-08-16
2026-08-05T13:40,2026-08-05_nuno_borges_tomas_martin_etcheverry,Tomas Martin Etcheverry,unibet,2.55,2.55,2.9,0.0,hist,,id1200828573252822,2026-08-16
2026-08-05T14:20,2026-08-06_alycia_parks_alexandra_eala,Alycia Parks,bet365,5.5,5.0,2.2,10.0,hist,,id1200827973255904,2026-08-16
2026-08-05T15:00,2026-08-05_alexander_zverev_tallon_griekspoor,Tallon Griekspoor,1xbet,7.8,5.71,8.5,36.6,hist,,id1200828573252834,2026-08-16
2026-08-05T15:00,2026-08-05_alexander_zverev_tallon_griekspoor,Tallon Griekspoor,bet365,8.0,6.0,11.3,33.3,hist,,id1200828573252834,2026-08-16
2026-08-05T15:00,2026-08-05_alexander_zverev_tallon_griekspoor,Tallon Griekspoor,unibet,7.5,6.4,4.3,17.2,hist,,id1200828573252834,2026-08-16
2026-08-05T15:20,2026-08-05_alexander_zverev_tallon_griekspoor,Tallon Griekspoor,bet365,8.0,6.0,21.8,33.3,hist,,id1200828573252834,2026-08-16
2026-08-05T15:20,2026-08-05_alexander_zverev_tallon_griekspoor,Tallon Griekspoor,bet365.fr,7.2,5.6,9.6,28.6,hist,,id1200828573252834,2026-08-16
2026-08-06T06:40,2026-07-31_rafael_jodar_lorenzo_musetti,Lorenzo Musetti,unibet,2.07,2.23,4.0,-7.2,hist,,jodar-rafael_vs_lorenzo-musetti@2026-07-31,2026-08-22
2026-08-06T08:25,2026-08-06_talia_gibson_ekaterina_alexandrova,Talia Gibson,1xbet,2.6,2.016,21.8,29.0,hist,,id1200827973255998,2026-08-16
2026-08-06T08:25,2026-08-06_talia_gibson_ekaterina_alexandrova,Talia Gibson,bet365,2.3,2.0,7.8,15.0,hist,,id1200827973255998,2026-08-16
2026-08-06T08:45,2026-08-06_talia_gibson_ekaterina_alexandrova,Talia Gibson,1xbet,2.6,2.016,23.9,29.0,hist,,id1200827973255998,2026-08-16
2026-08-06T08:45,2026-08-06_talia_gibson_ekaterina_alexandrova,Talia Gibson,bet365,2.3,2.0,9.6,15.0,hist,,id1200827973255998,2026-08-16
2026-08-06T15:27,2026-08-06_cameron_norrie_alex_de_minaur,Cameron Norrie,bet365,3.0,3.0,9.6,0.0,hist,,id1200828573252904,2026-08-16
2026-08-06T15:27,2026-08-06_cameron_norrie_alex_de_minaur,Cameron Norrie,bet365.fr,2.9,2.9,5.9,0.0,hist,,id1200828573252904,2026-08-16
2026-08-06T16:22,2026-08-06_yannick_hanfmann_nuno_borges,Yannick Hanfmann,bet365,2.5,2.5,2.5,0.0,hist,,id1200828573252906,2026-08-16
2026-08-07T12:31,2026-08-07_botic_van_de_zandschulp_hubert_hurkacz,Botic Van de Zandschulp,winamax.fr,3.0,2.65,5.3,13.2,hist,,id1200828573252890,2026-08-16
2026-08-07T13:05,2026-08-07_botic_van_de_zandschulp_hubert_hurkacz,Botic Van de Zandschulp,winamax.fr,3.0,2.65,7.1,13.2,hist,,id1200828573252890,2026-08-16
2026-08-07T14:26,2026-08-07_tallon_griekspoor_matteo_arnaldi,Tallon Griekspoor,bwin,1.65,1.45,7.6,13.8,hist,,id1200828573252898,2026-08-16
2026-08-11T10:46,2026-08-11_sinja_kraus_marina_bassols_ribera,Marina Bassols Ribera,williamhill,2.4,2.05,9.3,17.1,hist,,id1200836373624120,2026-08-16
2026-08-11T10:46,2026-08-11_mary_stoiana_veronika_erjavec,Mary Stoiana,bet365,1.571,1.4,6.9,12.2,hist,,id1200836373624086,2026-08-16
2026-08-11T10:46,2026-08-11_sinja_kraus_marina_bassols_ribera,Marina Bassols Ribera,bet365,2.375,2.25,8.2,5.6,hist,,id1200836373624120,2026-08-16
2026-08-11T12:16,2026-08-11_mary_stoiana_veronika_erjavec,Mary Stoiana,bet365,1.571,1.4,9.6,12.2,hist,,id1200836373624086,2026-08-16
2026-08-11T12:16,2026-08-11_mary_stoiana_veronika_erjavec,Mary Stoiana,bet365.fr,1.51,1.35,5.3,11.9,hist,,id1200836373624086,2026-08-16
2026-08-13T13:32,2026-08-13_denis_shapovalov_adrian_mannarino,Adrian Mannarino,bet365,2.5,2.1,5.1,19.0,live,,id1200298373667568,2026-08-16
2026-08-13T15:47,2026-08-13_denis_shapovalov_adrian_mannarino,Adrian Mannarino,bet365,2.375,2.1,5.2,13.1,live,,id1200298373667568,2026-08-16
2026-08-13T17:36,2026-08-13_denis_shapovalov_adrian_mannarino,Adrian Mannarino,1xbet,2.273,2.116,6.8,7.4,live,,id1200298373667568,2026-08-16
2026-08-14T08:56,2026-08-14_titouan_droguet_matteo_berrettini,Titouan Droguet,bet365,2.625,2.1,15.5,25.0,live,,id1200298373721798,2026-08-16
2026-08-14T08:56,2026-08-14_titouan_droguet_matteo_berrettini,Titouan Droguet,bet365.fr,2.54,2.1,11.8,21.0,live,,id1200298373721798,2026-08-16
2026-08-14T08:56,2026-08-14_titouan_droguet_matteo_berrettini,Titouan Droguet,winamax.fr,2.45,2.1,7.8,16.7,live,,id1200298373721798,2026-08-16
2026-08-14T08:56,2026-08-14_coleman_wong_daniel_altmaier,Coleman Wong,1xbet,1.746,1.585,5.5,10.2,live,,id1200298373721780,2026-08-16
2026-08-14T08:56,2026-08-14_coleman_wong_daniel_altmaier,Coleman Wong,coolbet,1.741,1.629,5.2,6.9,live,,id1200298373721780,2026-08-16
2026-08-14T09:46,2026-08-14_titouan_droguet_matteo_berrettini,Titouan Droguet,bet365,2.5,2.1,16.1,19.0,live,,id1200298373721798,2026-08-16
2026-08-14T09:46,2026-08-14_titouan_droguet_matteo_berrettini,Titouan Droguet,winamax.fr,2.45,2.1,13.8,16.7,live,,id1200298373721798,2026-08-16
2026-08-14T09:46,2026-08-14_titouan_droguet_matteo_berrettini,Titouan Droguet,bet365.fr,2.42,2.1,12.4,15.2,live,,id1200298373721798,2026-08-16
2026-08-14T11:41,2026-08-14_kyrian_jacquet_adolfo_daniel_vallejo,Kyrian Jacquet,bet365,1.571,1.444,7.0,8.8,live,,id1200298373721800,2026-08-16
2026-08-14T12:06,2026-08-14_valentin_royer_stefanos_tsitsipas,Valentin Royer,bet365,4.0,3.75,7.0,6.7,live,,id1200298373667536,2026-08-16
2026-08-14T15:36,2026-08-14_xinyu_wang_hanne_vandewinkel,Xinyu Wang,winamax.fr,2.05,2.05,5.2,0.0,live,,id1200836373722024,2026-08-16
2026-08-15T11:41,2026-08-15_quentin_halys_alex_de_minaur,Quentin Halys,coolbet,3.6,3.05,6.4,18.0,live,,id1200298373465894,2026-08-16
2026-08-15T12:11,2026-08-15_arthur_fery_james_duckworth,James Duckworth,bet365,2.2,2.0,7.4,10.0,live,,id1200298373465892,2026-08-16
2026-08-15T13:51,2026-08-15_adolfo_daniel_vallejo_valentin_vacherot,Adolfo Daniel Vallejo,bwin,3.4,2.6,18.3,30.8,live,,id1200298373465886,2026-08-16
2026-08-16T08:47,2026-08-16_joao_fonseca_botic_van_de_zandschulp,Botic Van de Zandschulp,betway,3.5,3.3,5.0,6.1,live,,botic-van-zandschulp_vs_fonseca-joao@2026-08-16,2026-08-16
2026-08-17T06:46,2026-08-17_alexander_zverev_terence_atmane,Terence Atmane,1xbet,6.63,5.55,6.7,19.5,live,,alexander-zverev_vs_atmane-terence@2026-08-17,2026-08-18
2026-08-17T06:46,2026-08-17_alexander_zverev_terence_atmane,Terence Atmane,22bet,6.45,5.5,3.8,17.3,live,,alexander-zverev_vs_atmane-terence@2026-08-17,2026-08-18
2026-08-17T16:36,2026-08-17_alexander_zverev_terence_atmane,Terence Atmane,coolbet,6.0,5.7,3.9,5.3,live,,alexander-zverev_vs_atmane-terence@2026-08-17,2026-08-18
2026-08-22T05:13,2026-08-22_flavio_cobolli_arthur_fils,Flavio Cobolli,sharpbet,3.41,3.19,5.9,6.9,live,,arthur-fils_vs_cobolli-flavio@2026-08-22,2026-08-23
2026-08-22T05:13,2026-08-22_flavio_cobolli_arthur_fils,Flavio Cobolli,bet365,3.4,3.2,5.5,6.2,live,,arthur-fils_vs_cobolli-flavio@2026-08-22,2026-08-23
2026-08-22T09:17,2026-08-22_felix_balshaw_luca_pow,Luca Pow,bet365,4.0,3.4,18.2,17.6,live,,balshaw-felix_vs_luca-pow@2026-08-22,2026-08-23
2026-08-22T09:17,2026-08-22_felix_balshaw_luca_pow,Luca Pow,bet365.fr,3.8,3.25,12.3,16.9,live,,balshaw-felix_vs_luca-pow@2026-08-22,2026-08-23
2026-08-22T09:17,2026-08-22_felix_balshaw_luca_pow,Luca Pow,leovegas,3.55,3.05,4.9,16.4,live,,balshaw-felix_vs_luca-pow@2026-08-22,2026-08-23
2026-08-22T10:37,2026-08-22_hubert_hurkacz_moez_echargui,Moez Echargui,bet365,10.0,7.0,17.6,42.9,live,,echargui-moez_vs_hubert-hurkacz@2026-08-22,2026-08-23
2026-08-22T10:37,2026-08-22_hubert_hurkacz_moez_echargui,Moez Echargui,bet365.fr,9.0,6.3,5.8,42.9,live,,echargui-moez_vs_hubert-hurkacz@2026-08-22,2026-08-23
2026-08-22T14:37,2026-08-22_hunter_heck_mees_rottgering,Hunter Heck,bet365,5.5,4.333,13.3,26.9,live,,heck-hunter_vs_mees-rottgering@2026-08-22,2026-08-23
2026-08-22T14:37,2026-08-22_hunter_heck_mees_rottgering,Hunter Heck,bet365.fr,5.2,4.333,7.2,20.0,live,,heck-hunter_vs_mees-rottgering@2026-08-22,2026-08-23
2026-08-22T14:37,2026-08-22_hunter_heck_mees_rottgering,Hunter Heck,williamhill,5.0,5.0,3.0,0.0,live,,heck-hunter_vs_mees-rottgering@2026-08-22,2026-08-23
2026-08-23T14:43,2026-08-24_mayar_sherif_ahmed_abdelaziz_oleksandra_oliynykova,Oleksandra Oliynykova,4casters,2.195,1.935,7.7,13.4,live,,abdelaziz-ahmed-mayar-sherif_vs_oleksandra-oliynykova@2026-08-24,2026-08-24
2026-08-23T14:43,2026-08-24_mayar_sherif_ahmed_abdelaziz_oleksandra_oliynykova,Oleksandra Oliynykova,1xbet,2.1,1.9,3.0,10.5,live,,abdelaziz-ahmed-mayar-sherif_vs_oleksandra-oliynykova@2026-08-24,2026-08-24
2026-08-23T14:43,2026-08-24_mayar_sherif_ahmed_abdelaziz_oleksandra_oliynykova,Oleksandra Oliynykova,williamhill,2.15,2.1,5.5,2.4,live,,abdelaziz-ahmed-mayar-sherif_vs_oleksandra-oliynykova@2026-08-24,2026-08-24
2026-08-24T00:33,2026-08-24_mayar_sherif_ahmed_abdelaziz_oleksandra_oliynykova,Oleksandra Oliynykova,williamhill,2.1,2.1,7.5,0.0,live,,abdelaziz-ahmed-mayar-sherif_vs_oleksandra-oliynykova@2026-08-24,2026-08-24
2026-08-24T07:59,2026-08-24_ivan_ivanov_ryan_peniston,Ivan Ivanov,sbobet,1.75,1.6,4.6,9.4,live,,ivan-ivanov_vs_peniston-ryan@2026-08-24,2026-08-25
2026-08-24T07:59,2026-08-24_marko_topo_miguel_damas,Marko ToPo,1xbet,1.48,1.37,3.2,8.0,live,,damas-miguel_vs_marko-topo@2026-08-24,2026-08-25
2026-08-24T07:59,2026-08-24_marko_topo_miguel_damas,Marko ToPo,sbobet,1.5,1.41,4.6,6.4,live,,damas-miguel_vs_marko-topo@2026-08-24,2026-08-25
2026-08-24T07:59,2026-08-24_marko_topo_miguel_damas,Marko ToPo,bet365,1.533,1.533,6.9,0.0,live,,damas-miguel_vs_marko-topo@2026-08-24,2026-08-25
2026-08-24T07:59,2026-08-24_ivan_ivanov_ryan_peniston,Ivan Ivanov,bet365,1.727,1.727,3.3,0.0,live,,ivan-ivanov_vs_peniston-ryan@2026-08-24,2026-08-25
2026-08-24T08:07,2026-08-24_marko_topo_miguel_damas,Marko ToPo,1xbet,1.48,1.37,3.2,8.0,live,,damas-miguel_vs_marko-topo@2026-08-24,2026-08-25
2026-08-24T08:07,2026-08-24_marko_topo_miguel_damas,Marko ToPo,22bet,1.48,1.37,3.2,8.0,live,,damas-miguel_vs_marko-topo@2026-08-24,2026-08-25
2026-08-24T08:07,2026-08-24_marko_topo_miguel_damas,Marko ToPo,bet365,1.533,1.533,6.9,0.0,live,,damas-miguel_vs_marko-topo@2026-08-24,2026-08-25
2026-08-24T08:07,2026-08-24_ivan_ivanov_ryan_peniston,Ivan Ivanov,bet365,1.727,1.727,3.3,0.0,live,,ivan-ivanov_vs_peniston-ryan@2026-08-24,2026-08-25
2026-08-24T09:09,2026-08-24_mark_ceban_michele_ribecai,Michele Ribecai,leovegas,1.7,1.56,4.3,9.0,live,,ceban-mark_vs_michele-ribecai@2026-08-24,2026-08-25
2026-08-24T09:09,2026-08-24_mark_ceban_michele_ribecai,Michele Ribecai,unibet,1.7,1.56,4.3,9.0,live,,ceban-mark_vs_michele-ribecai@2026-08-24,2026-08-25
2026-08-24T09:18,2026-08-24_luis_guto_miguel_tyler_zink,Luis Guto Miguel,bet365,2.5,2.0,10.9,25.0,live,,guto-luis-miguel_vs_tyler-zink@2026-08-24,2026-08-25
2026-08-24T09:18,2026-08-24_luis_guto_miguel_tyler_zink,Luis Guto Miguel,bet365.fr,2.42,1.94,7.4,24.7,live,,guto-luis-miguel_vs_tyler-zink@2026-08-24,2026-08-25
2026-08-24T09:18,2026-08-24_mark_ceban_michele_ribecai,Michele Ribecai,leovegas,1.7,1.56,4.3,9.0,live,,ceban-mark_vs_michele-ribecai@2026-08-24,2026-08-25
2026-08-24T09:18,2026-08-24_mark_ceban_michele_ribecai,Michele Ribecai,unibet,1.7,1.56,4.3,9.0,live,,ceban-mark_vs_michele-ribecai@2026-08-24,2026-08-25
2026-08-24T09:18,2026-08-24_martin_damm_jr_abdullah_shelbayh,Martin Damm Jr,4casters,1.408,1.407,3.3,0.1,live,,abdullah-shelbayh_vs_damm-martin@2026-08-24,2026-08-25
2026-08-24T09:26,2026-08-24_luis_guto_miguel_tyler_zink,Luis Guto Miguel,bet365,2.5,2.0,10.9,25.0,live,,guto-luis-miguel_vs_tyler-zink@2026-08-24,2026-08-25
2026-08-24T09:26,2026-08-24_luis_guto_miguel_tyler_zink,Luis Guto Miguel,bet365.fr,2.42,1.94,7.4,24.7,live,,guto-luis-miguel_vs_tyler-zink@2026-08-24,2026-08-25
2026-08-24T09:26,2026-08-24_rebecca_marino_fiona_ferro,Fiona Ferro,winamax.fr,1.6,1.56,3.8,2.6,live,,ferro-fiona_vs_marino-rebecca@2026-08-24,2026-08-25
2026-08-24T09:34,2026-08-24_rebecca_marino_fiona_ferro,Fiona Ferro,winamax.fr,1.6,1.56,3.8,2.6,live,,ferro-fiona_vs_marino-rebecca@2026-08-24,2026-08-25
2026-08-24T10:09,2026-08-24_zhizhen_zhang_rei_sakamoto,Rei Sakamoto,winamax.fr,2.0,1.64,11.3,22.0,live,,rei-sakamoto_vs_zhang-zhizhen@2026-08-24,2026-08-25
2026-08-24T10:09,2026-08-24_zhizhen_zhang_rei_sakamoto,Rei Sakamoto,bwin,1.87,1.67,4.0,12.0,live,,rei-sakamoto_vs_zhang-zhizhen@2026-08-24,2026-08-25
2026-08-24T10:09,2026-08-24_zhizhen_zhang_rei_sakamoto,Rei Sakamoto,betsson,1.88,1.77,4.6,6.2,live,,rei-sakamoto_vs_zhang-zhizhen@2026-08-24,2026-08-25
2026-08-24T10:29,2026-08-24_zhizhen_zhang_rei_sakamoto,Rei Sakamoto,winamax.fr,2.0,1.64,12.0,22.0,live,,rei-sakamoto_vs_zhang-zhizhen@2026-08-24,2026-08-25
2026-08-24T10:37,2026-08-24_zhizhen_zhang_rei_sakamoto,Rei Sakamoto,winamax.fr,2.0,1.64,12.0,22.0,live,,rei-sakamoto_vs_zhang-zhizhen@2026-08-24,2026-08-25
2026-08-24T10:55,2026-08-24_pol_martin_tiffon_tom_gentzsch,Tom Gentzsch,leovegas,1.6,1.44,5.5,11.1,live,,gentzsch-tom_vs_martin-pol-tiffon@2026-08-24,2026-08-25
2026-08-24T10:55,2026-08-24_joel_schwaerzler_gustavo_heide,Joel Schwaerzler,betsson,2.06,1.87,3.0,10.2,live,,gustavo-heide_vs_joel-schwaerzler@2026-08-24,2026-08-25
2026-08-24T10:55,2026-08-24_pol_martin_tiffon_tom_gentzsch,Tom Gentzsch,unibet,1.6,1.47,5.5,8.8,live,,gentzsch-tom_vs_martin-pol-tiffon@2026-08-24,2026-08-25
2026-08-24T11:58,2026-08-24_kimmer_coppejans_jurij_rodionov,Jurij Rodionov,betway,1.65,1.6,5.2,3.1,live,,coppejans-kimmer_vs_jurij-rodionov@2026-08-24,2026-08-25
2026-08-24T11:58,2026-08-24_kimmer_coppejans_jurij_rodionov,Jurij Rodionov,bwin,1.62,1.6,3.3,1.2,live,,coppejans-kimmer_vs_jurij-rodionov@2026-08-24,2026-08-25
2026-08-24T12:43,2026-08-24_kamil_majchrzak_benjamin_bonzi,Kamil Majchrzak,williamhill,1.588,1.588,3.9,0.0,live,,benjamin-bonzi_vs_kamil-majchrzak@2026-08-24,2026-08-25
2026-08-24T13:49,2026-08-24_daniel_altmaier_francisco_comesana,Francisco Comesana,4casters,1.976,1.935,3.2,2.1,live,,altmaier-daniel_vs_comesana-francisco@2026-08-24,2026-08-25
2026-08-24T14:00,2026-08-24_lucia_bronzetti_luisina_giovannini,Luisina Giovannini,bet365,4.5,4.5,10.3,0.0,live,,bronzetti-lucia_vs_giovannini-luisina@2026-08-24,2026-08-25
2026-08-24T14:00,2026-08-24_lucia_bronzetti_luisina_giovannini,Luisina Giovannini,bet365.fr,4.3,4.5,5.4,-4.4,live,,bronzetti-lucia_vs_giovannini-luisina@2026-08-24,2026-08-25
2026-08-24T14:10,2026-08-24_dalibor_svrcina_felipe_meligeni_alves,Dalibor Svrcina,bet365,1.3,1.286,3.0,1.1,live,,alves-felipe-meligeni_vs_dalibor-svrcina@2026-08-24,2026-08-25
2026-08-24T15:08,2026-08-24_camila_osorio_ann_li,Ann Li,bet365,2.0,1.8,3.8,11.1,live,,ann_vs_camila-osorio@2026-08-24,2026-08-25
2026-08-24T15:08,2026-08-24_janice_tjen_dayana_yastremska,Janice Tjen,williamhill,1.588,1.588,5.6,0.0,live,,dayana-yastremska_vs_janice-tjen@2026-08-24,2026-08-25
2026-08-24T15:08,2026-08-24_mia_ristic_ayana_akli,Ayana Akli,winamax.fr,2.1,2.1,19.5,0.0,live,,akli-ayana_vs_mia-ristic@2026-08-24,2026-08-25
2026-08-24T15:18,2026-08-24_camila_osorio_ann_li,Ann Li,bet365,2.0,1.8,3.8,11.1,live,,ann_vs_camila-osorio@2026-08-24,2026-08-25
2026-08-24T15:18,2026-08-24_janice_tjen_dayana_yastremska,Janice Tjen,williamhill,1.588,1.588,5.6,0.0,live,,dayana-yastremska_vs_janice-tjen@2026-08-24,2026-08-25
2026-08-24T15:18,2026-08-24_mia_ristic_ayana_akli,Ayana Akli,winamax.fr,2.1,2.1,19.5,0.0,live,,akli-ayana_vs_mia-ristic@2026-08-24,2026-08-25
2026-08-24T18:13,2026-08-25_yunchaokete_bu_rio_noguchi,Rio Noguchi,winamax.fr,4.6,3.1,34.4,48.4,live,,noguchi-rio_vs_yunchaokete@2026-08-25,2026-08-25
2026-08-24T19:30,2026-08-24_roman_safiullin_hugo_grenier,Roman Safiullin,winamax.fr,1.22,1.22,3.5,0.0,live,,grenier-hugo_vs_roman-safiullin@2026-08-24,2026-08-25
2026-08-24T19:42,2026-08-24_roman_safiullin_hugo_grenier,Roman Safiullin,winamax.fr,1.22,1.22,3.5,0.0,live,,grenier-hugo_vs_roman-safiullin@2026-08-24,2026-08-25
2026-08-24T22:10,2026-08-25_taro_daniel_andrew_johnson,Andrew Johnson,bet365,8.0,6.5,15.9,23.1,live,,andrew-johnson_vs_daniel-taro@2026-08-25,2026-08-25
2026-08-24T22:10,2026-08-25_yeon_woo_ku_astra_sharma,Astra Sharma,bet365,4.5,3.75,12.1,20.0,live,,astra-sharma_vs_woo-yeon@2026-08-25,2026-08-25
2026-08-24T22:10,2026-08-25_taro_daniel_andrew_johnson,Andrew Johnson,bet365.fr,7.2,6.0,4.3,20.0,live,,andrew-johnson_vs_daniel-taro@2026-08-25,2026-08-25
2026-08-24T22:10,2026-08-25_alex_bolt_pablo_llamas_ruiz,Pablo Llamas Ruiz,winamax.fr,1.52,1.29,11.6,17.8,live,,alex-bolt_vs_llamas-pablo-ruiz@2026-08-25,2026-08-25
2026-08-24T22:10,2026-08-25_yeon_woo_ku_astra_sharma,Astra Sharma,leovegas,4.2,3.6,4.6,16.7,live,,astra-sharma_vs_woo-yeon@2026-08-25,2026-08-25
2026-08-24T22:10,2026-08-25_yeon_woo_ku_astra_sharma,Astra Sharma,bet365.fr,4.3,3.75,7.1,14.7,live,,astra-sharma_vs_woo-yeon@2026-08-25,2026-08-25
2026-08-24T22:10,2026-08-25_alex_bolt_pablo_llamas_ruiz,Pablo Llamas Ruiz,bet365,1.444,1.333,6.1,8.3,live,,alex-bolt_vs_llamas-pablo-ruiz@2026-08-25,2026-08-25
2026-08-25T00:38,2026-08-21_pedro_martinez_daniil_glinka,Pedro Martinez,888sport,1.8,1.8,62.7,0.0,hist,,daniil-glinka_vs_martinez-pedro@2026-08-21,2026-08-25
2026-08-25T00:38,2026-08-21_pedro_martinez_daniil_glinka,Pedro Martinez,bwin,1.8,1.8,62.7,0.0,hist,,daniil-glinka_vs_martinez-pedro@2026-08-21,2026-08-25
2026-08-25T04:38,2026-08-25_braden_shick_clement_tabur,Braden Shick,leovegas,2.43,2.12,4.2,14.6,live,,braden-shick_vs_clement-tabur@2026-08-25,2026-08-25
2026-08-25T04:38,2026-08-25_braden_shick_clement_tabur,Braden Shick,unibet,2.43,2.12,4.2,14.6,live,,braden-shick_vs_clement-tabur@2026-08-25,2026-08-25
2026-08-25T04:38,2026-08-25_bernard_tomic_lloyd_harris,Bernard Tomic,bet365,3.4,3.25,4.4,4.6,live,,bernard-tomic_vs_harris-lloyd@2026-08-25,2026-08-25
2026-08-25T04:49,2026-08-25_braden_shick_clement_tabur,Braden Shick,leovegas,2.43,2.12,4.2,14.6,live,,braden-shick_vs_clement-tabur@2026-08-25,2026-08-25
2026-08-25T04:49,2026-08-25_braden_shick_clement_tabur,Braden Shick,unibet,2.43,2.12,4.2,14.6,live,,braden-shick_vs_clement-tabur@2026-08-25,2026-08-25
2026-08-25T04:49,2026-08-25_soonwoo_kwon_dusan_lajovic,Soonwoo Kwon,bet365,1.615,1.5,5.1,7.7,live,,dusan-lajovic_vs_kwon-soonwoo@2026-08-25,2026-08-25
2026-08-25T04:49,2026-08-25_bernard_tomic_lloyd_harris,Bernard Tomic,bet365,3.4,3.25,6.7,4.6,live,,bernard-tomic_vs_harris-lloyd@2026-08-25,2026-08-25
2026-08-25T04:59,2026-08-25_soonwoo_kwon_dusan_lajovic,Soonwoo Kwon,bet365,1.615,1.5,5.1,7.7,live,,dusan-lajovic_vs_kwon-soonwoo@2026-08-25,2026-08-25
2026-08-25T04:59,2026-08-25_bernard_tomic_lloyd_harris,Bernard Tomic,bet365,3.4,3.25,6.7,4.6,live,,bernard-tomic_vs_harris-lloyd@2026-08-25,2026-08-25
2026-08-25T10:21,2026-08-25_mario_gonzalez_fernandez_mitchell_krueger,Mario Gonzalez Fernandez,leovegas,3.15,2.9,5.3,8.6,live,,fernandez-gonzalez-mario_vs_krueger-mitchell@2026-08-25,2026-08-26
2026-08-25T10:21,2026-08-25_mario_gonzalez_fernandez_mitchell_krueger,Mario Gonzalez Fernandez,unibet,3.15,2.9,5.3,8.6,live,,fernandez-gonzalez-mario_vs_krueger-mitchell@2026-08-25,2026-08-26
2026-08-25T13:23,2026-08-25_whitney_osuigwe_mona_barthel,Whitney Osuigwe,bet365,2.375,2.375,4.8,0.0,live,,barthel-mona_vs_osuigwe-whitney@2026-08-25,2026-08-26
2026-08-25T14:43,2026-08-25_sara_sorribes_tormo_noma_noha_akugue,Noma Noha Akugue,bet365,2.75,2.75,8.3,0.0,live,,akugue-noha-noma_vs_sara-sorribes-tormo@2026-08-25,2026-08-26
2026-08-25T14:43,2026-08-25_sara_sorribes_tormo_noma_noha_akugue,Noma Noha Akugue,bet365.fr,2.67,2.67,5.1,0.0,live,,akugue-noha-noma_vs_sara-sorribes-tormo@2026-08-25,2026-08-26
2026-08-25T15:04,2026-08-25_darja_vidmanova_kimberly_birrell,Kimberly Birrell,betway,2.25,2.25,3.3,0.0,live,,birrell-kimberly_vs_darja-vidmanova@2026-08-25,2026-08-26
2026-08-26T12:23,2026-08-26_tristan_schoolkate_seongchan_hong,Tristan Schoolkate,unibet,1.53,1.42,3.3,7.7,live,,hong-seongchan_vs_schoolkate-tristan@2026-08-26,2026-08-27
2026-08-26T12:23,2026-08-26_tristan_schoolkate_seongchan_hong,Tristan Schoolkate,leovegas,1.53,1.42,3.3,7.7,live,,hong-seongchan_vs_schoolkate-tristan@2026-08-26,2026-08-27
2026-08-26T15:07,2026-08-26_jerome_kym_colton_smith,Jerome Kym,bet365,1.571,1.5,3.7,4.7,live,,colton-smith_vs_jerome-kym@2026-08-26,2026-08-27
2026-08-26T22:23,2026-08-27_benito_sanchez_martinez_hynek_barton,Benito Sanchez Martinez,bet365,2.625,2.375,3.6,10.5,live,,barton-hynek_vs_benito-martinez-sanchez@2026-08-27,2026-08-27
2026-08-27T04:28,2026-08-27_inaki_montes_de_la_torre_george_loffhagen,George Loffhagen,bet365,1.8,1.727,3.1,4.2,live,,de-inaki-la-montes-torre_vs_george-loffhagen@2026-08-27,2026-08-27
2026-08-27T07:53,2026-08-27_andrew_fenty_luis_guto_miguel,Luis Guto Miguel,22bet,1.73,1.55,6.6,11.6,live,,andrew-fenty_vs_guto-luis-miguel@2026-08-27,2026-08-27
2026-08-27T09:37,2026-08-27_vilius_gaubas_harry_wendelken,Vilius Gaubas,bet365,1.8,1.667,3.2,8.0,live,,gaubas-vilius_vs_harry-wendelken@2026-08-27,2026-08-27
2026-08-27T09:40,2026-08-27_vilius_gaubas_harry_wendelken,Vilius Gaubas,bet365,1.8,1.667,3.2,8.0,live,,gaubas-vilius_vs_harry-wendelken@2026-08-27,2026-08-27
2026-08-27T11:23,2026-08-27_vilius_gaubas_harry_wendelken,Vilius Gaubas,bet365.fr,1.74,1.6,4.0,8.7,live,,gaubas-vilius_vs_harry-wendelken@2026-08-27,2026-08-28
2026-08-27T11:23,2026-08-27_vilius_gaubas_harry_wendelken,Vilius Gaubas,bet365,1.8,1.667,7.6,8.0,live,,gaubas-vilius_vs_harry-wendelken@2026-08-27,2026-08-28
2026-08-27T11:43,2026-08-27_andrew_fenty_luis_guto_miguel,Luis Guto Miguel,bet365,1.667,1.571,4.3,6.1,live,,andrew-fenty_vs_guto-luis-miguel@2026-08-27,2026-08-28
2026-08-28T02:03,2026-08-27_jacob_fearnley_jurij_rodionov,Jacob Fearnley,888sport,1.4,1.4,15.1,0.0,live,,fearnley-jacob_vs_jurij-rodionov@2026-08-27,2026-08-28
2026-08-28T02:03,2026-08-27_qinwen_zheng_elena_pridankina,Qinwen Zheng,888sport,1.143,1.143,7.1,0.0,live,,elena-pridankina_vs_qinwen-zheng@2026-08-27,2026-08-28
2026-08-28T02:03,2026-08-27_susan_bandecchi_arantxa_rus,Susan Bandecchi,888sport,1.444,1.444,20.3,0.0,live,,arantxa-rus_vs_bandecchi-susan@2026-08-27,2026-08-28
2026-08-28T02:03,2026-08-27_susan_bandecchi_arantxa_rus,Susan Bandecchi,bet365,1.444,1.444,20.3,0.0,live,,arantxa-rus_vs_bandecchi-susan@2026-08-27,2026-08-28
2026-08-28T02:03,2026-08-27_qinwen_zheng_elena_pridankina,Qinwen Zheng,sbobet,1.12,1.15,4.9,-2.6,live,,elena-pridankina_vs_qinwen-zheng@2026-08-27,2026-08-28
2026-08-28T02:03,2026-08-27_susan_bandecchi_arantxa_rus,Susan Bandecchi,1xbet,1.42,1.52,18.3,-6.6,live,,arantxa-rus_vs_bandecchi-susan@2026-08-27,2026-08-28
2026-08-28T04:33,2026-08-28_benito_sanchez_martinez_facundo_mena,Benito Sanchez Martinez,bet365,1.727,1.615,4.3,6.9,live,,benito-martinez-sanchez_vs_facundo-mena@2026-08-28,2026-08-28
2026-08-29T02:03,2026-08-30_adolfo_daniel_vallejo_gael_monfils,Adolfo Daniel Vallejo,1xbet,1.853,1.853,3.6,0.0,live,,adolfo-daniel-vallejo_vs_gael-monfils@2026-08-30,2026-08-29
2026-08-29T16:43,2026-08-31_roman_safiullin_carlos_alcaraz,Roman Safiullin,1xbet,5.95,4.925,10.3,20.8,live,,alcaraz-carlos_vs_roman-safiullin@2026-08-30,2026-08-30
2026-08-29T16:43,2026-08-31_roman_safiullin_carlos_alcaraz,Roman Safiullin,22bet,5.7,4.74,5.7,20.3,live,,alcaraz-carlos_vs_roman-safiullin@2026-08-30,2026-08-30
2026-08-29T21:03,2026-08-29_diane_parry_elise_mertens,Diane Parry,4casters,2.84,2.42,6.3,17.4,live,,diane-parry_vs_elise-mertens@2026-08-29,2026-08-30
2026-08-29T22:24,2026-08-29_diane_parry_elise_mertens,Diane Parry,bet365,2.75,2.5,10.3,10.0,live,,diane-parry_vs_elise-mertens@2026-08-29,2026-08-30
2026-08-29T22:24,2026-08-29_diane_parry_elise_mertens,Diane Parry,leovegas,2.75,2.75,10.3,0.0,live,,diane-parry_vs_elise-mertens@2026-08-29,2026-08-30
2026-08-29T22:24,2026-08-29_diane_parry_elise_mertens,Diane Parry,unibet,2.75,2.75,10.3,0.0,live,,diane-parry_vs_elise-mertens@2026-08-29,2026-08-30
2026-09-04T08:48,2026-09-04_alex_michelsen_daniel_merida,Alex Michelsen,leovegas,1.58,1.44,3.5,9.7,live,,alex-michelsen_vs_daniel-merida@2026-09-04,2026-09-04
2026-09-04T08:48,2026-09-04_alex_michelsen_daniel_merida,Alex Michelsen,1xbet,1.581,1.54,3.5,2.7,live,,alex-michelsen_vs_daniel-merida@2026-09-04,2026-09-04
2026-09-04T08:48,2026-09-04_alex_michelsen_daniel_merida,Alex Michelsen,4casters,1.59,1.549,4.1,2.6,live,,alex-michelsen_vs_daniel-merida@2026-09-04,2026-09-04
2026-09-04T10:48,2026-09-04_valentin_vacherot_frances_tiafoe,Valentin Vacherot,1xbet,2.605,2.51,3.1,3.8,live,,frances-tiafoe_vs_vacherot-valentin@2026-09-04,2026-09-04
2026-09-04T22:22,2026-09-05_luciano_darderi_dane_sweeny,Dane Sweeny,1xbet,4.41,3.74,7.5,17.9,live,,dane-sweeny_vs_darderi-luciano@2026-09-05,2026-09-05
2026-09-04T22:22,2026-09-05_luciano_darderi_dane_sweeny,Dane Sweeny,22bet,4.36,3.7,6.3,17.8,live,,dane-sweeny_vs_darderi-luciano@2026-09-05,2026-09-05
2026-09-05T21:39,2026-09-06_alexander_zverev_alejandro_tabilo,Alejandro Tabilo,tipico,5.7,5.2,3.4,9.6,live,,alejandro-tabilo_vs_alexander-zverev@2026-09-05,2026-09-06
2026-09-06T12:03,2026-09-06_valerio_aboian_luca_castagnola,Luca Castagnola,bet365,3.75,3.75,3.4,0.0,live,,aboian-valerio_vs_castagnola-luca@2026-09-06,2026-09-06
2026-09-06T19:03,2026-09-07_gianluca_cadenasso_juan_cruz_martin_manzano,Juan Cruz Martin Manzano,betway,2.4,1.95,10.8,23.1,live,,cadenasso-gianluca_vs_cruz-juan-manzano-martin@2026-09-07,2026-09-07
2026-09-06T19:03,2026-09-07_gianluca_cadenasso_juan_cruz_martin_manzano,Juan Cruz Martin Manzano,coolbet,2.4,1.99,10.8,20.6,live,,cadenasso-gianluca_vs_cruz-juan-manzano-martin@2026-09-07,2026-09-07
2026-09-06T19:03,2026-09-07_gianluca_cadenasso_juan_cruz_martin_manzano,Juan Cruz Martin Manzano,bwin,2.4,2.05,10.8,17.1,live,,cadenasso-gianluca_vs_cruz-juan-manzano-martin@2026-09-07,2026-09-07
2026-09-06T21:09,2026-09-07_harold_mayot_cezar_2001_cretu,Cezar (2001) Cretu,bet365.fr,3.25,3.1,8.7,4.8,live,,cezar-cretu_vs_harold-mayot@2026-09-07,2026-09-07
2026-09-06T21:09,2026-09-07_harold_mayot_cezar_2001_cretu,Cezar (2001) Cretu,bet365,3.4,3.25,13.7,4.6,live,,cezar-cretu_vs_harold-mayot@2026-09-07,2026-09-07
2026-09-06T23:09,2026-09-07_mitsuki_wei_kang_leong_thijmen_loof,Thijmen Loof,leovegas,4.25,3.2,14.0,32.8,live,,kang-leong-mitsuki-wei_vs_loof-thijmen@2026-09-07,2026-09-07
2026-09-06T23:09,2026-09-07_mitsuki_wei_kang_leong_thijmen_loof,Thijmen Loof,unibet,4.25,3.2,14.0,32.8,live,,kang-leong-mitsuki-wei_vs_loof-thijmen@2026-09-07,2026-09-07
2026-09-06T23:12,2026-09-07_alibek_kachmazov_gabriel_ghetu,Gabriel Ghetu,bet365,2.25,2.0,4.1,12.5,live,,alibek-kachmazov_vs_gabriel-ghetu@2026-09-07,2026-09-07
2026-09-07T03:12,2026-09-07_oleg_prihodko_daniel_siniakov,Daniel Siniakov,bet365,2.2,2.0,11.0,10.0,live,,daniel-siniakov_vs_oleg-prihodko@2026-09-07,2026-09-07
2026-09-07T03:12,2026-09-07_oleg_prihodko_daniel_siniakov,Daniel Siniakov,bet365.fr,2.13,1.94,7.5,9.8,live,,daniel-siniakov_vs_oleg-prihodko@2026-09-07,2026-09-07
2026-09-07T05:39,2026-09-07_alex_hernandez_tuncay_duran,Tuncay Duran,bet365,1.615,1.615,4.2,0.0,live,,alex-hernandez_vs_duran-tuncay@2026-09-07,2026-09-08
2026-09-07T06:15,2026-09-07_justin_boulais_matisse_bobichon,Matisse Bobichon,sbobet,3.56,2.69,14.4,32.3,live,,bobichon-matisse_vs_boulais-justin@2026-09-07,2026-09-08
2026-09-07T06:15,2026-09-07_justin_boulais_matisse_bobichon,Matisse Bobichon,bet365,3.75,3.75,20.5,0.0,live,,bobichon-matisse_vs_boulais-justin@2026-09-07,2026-09-08
2026-09-07T06:15,2026-09-07_justin_boulais_matisse_bobichon,Matisse Bobichon,bet365.fr,3.6,3.6,15.6,0.0,live,,bobichon-matisse_vs_boulais-justin@2026-09-07,2026-09-08
2026-09-07T06:21,2026-09-07_justin_boulais_matisse_bobichon,Matisse Bobichon,leovegas,3.5,2.8,25.9,25.0,live,,bobichon-matisse_vs_boulais-justin@2026-09-07,2026-09-08
2026-09-07T06:21,2026-09-07_justin_boulais_matisse_bobichon,Matisse Bobichon,bet365,3.75,3.75,34.9,0.0,live,,bobichon-matisse_vs_boulais-justin@2026-09-07,2026-09-08
2026-09-07T06:21,2026-09-07_justin_boulais_matisse_bobichon,Matisse Bobichon,bet365.fr,3.6,3.6,29.5,0.0,live,,bobichon-matisse_vs_boulais-justin@2026-09-07,2026-09-08
2026-09-07T15:36,2026-09-08_max_purcell_rodrigo_pacheco_mendez,Max Purcell,bet365.fr,1.94,1.55,5.4,25.2,live,,max-purcell_vs_mendez-pacheco-rodrigo@2026-09-07,2026-09-08
2026-09-07T15:36,2026-09-08_max_purcell_rodrigo_pacheco_mendez,Max Purcell,bet365,2.0,1.615,8.6,23.8,live,,max-purcell_vs_mendez-pacheco-rodrigo@2026-09-07,2026-09-08
2026-09-07T15:36,2026-09-08_florent_bax_maximus_jones,Maximus Jones,bet365,2.1,1.833,4.0,14.6,live,,bax-florent_vs_jones-maximus@2026-09-07,2026-09-08
2026-09-07T18:48,2026-09-08_tai_leonard_sach_thanh_minh_truong,Thanh Minh Truong,1xbet,8.2,6.95,16.5,18.0,live,,leonard-sach-tai_vs_minh-thanh-truong@2026-09-07,2026-09-08
2026-09-07T18:48,2026-09-08_tai_leonard_sach_thanh_minh_truong,Thanh Minh Truong,tipico,8.2,7.0,16.5,17.1,live,,leonard-sach-tai_vs_minh-thanh-truong@2026-09-07,2026-09-08
2026-09-07T18:48,2026-09-08_tai_leonard_sach_thanh_minh_truong,Thanh Minh Truong,22bet,8.0,6.95,13.6,15.1,live,,leonard-sach-tai_vs_minh-thanh-truong@2026-09-07,2026-09-08
2026-09-08T04:15,2026-09-08_gauthier_onclin_raphael_perot,Raphael Perot,bet365.fr,2.67,2.3,4.1,16.1,live,,gauthier-onclin_vs_perot-raphael@2026-09-08,2026-09-08
2026-09-08T04:15,2026-09-08_gauthier_onclin_raphael_perot,Raphael Perot,bet365,2.75,2.375,7.2,15.8,live,,gauthier-onclin_vs_perot-raphael@2026-09-08,2026-09-08
2026-09-08T05:16,2026-09-08_matisse_bobichon_jurij_rodionov,Matisse Bobichon,betway,7.0,3.5,25.9,100.0,live,,bobichon-matisse_vs_jurij-rodionov@2026-09-08,2026-09-09
2026-09-08T05:16,2026-09-08_matisse_bobichon_jurij_rodionov,Matisse Bobichon,bwin,6.75,4.1,21.4,64.6,live,,bobichon-matisse_vs_jurij-rodionov@2026-09-08,2026-09-09
2026-09-08T05:16,2026-09-08_matisse_bobichon_jurij_rodionov,Matisse Bobichon,tipico,7.0,4.3,25.9,62.8,live,,bobichon-matisse_vs_jurij-rodionov@2026-09-08,2026-09-09
2026-09-08T05:21,2026-09-08_matisse_bobichon_jurij_rodionov,Matisse Bobichon,1xbet,6.7,4.19,24.4,59.9,live,,bobichon-matisse_vs_jurij-rodionov@2026-09-08,2026-09-09
2026-09-08T05:21,2026-09-08_matisse_bobichon_jurij_rodionov,Matisse Bobichon,22bet,6.7,4.19,24.4,59.9,live,,bobichon-matisse_vs_jurij-rodionov@2026-09-08,2026-09-09
2026-09-08T05:21,2026-09-08_matisse_bobichon_jurij_rodionov,Matisse Bobichon,betsson,6.2,4.3,15.1,44.2,live,,bobichon-matisse_vs_jurij-rodionov@2026-09-08,2026-09-09
2026-09-08T05:27,2026-09-08_matisse_bobichon_jurij_rodionov,Matisse Bobichon,22bet,6.7,4.19,58.9,59.9,live,,bobichon-matisse_vs_jurij-rodionov@2026-09-08,2026-09-09
2026-09-08T05:27,2026-09-08_matisse_bobichon_jurij_rodionov,Matisse Bobichon,tipico,5.5,4.3,30.4,27.9,live,,bobichon-matisse_vs_jurij-rodionov@2026-09-08,2026-09-09
2026-09-08T05:27,2026-09-08_matisse_bobichon_jurij_rodionov,Matisse Bobichon,bet365,5.0,4.333,18.6,15.4,live,,bobichon-matisse_vs_jurij-rodionov@2026-09-08,2026-09-09
2026-09-08T05:43,2026-09-08_adrian_bohane_alex_hernandez,Adrian Bohane,bet365,1.533,1.533,3.7,0.0,live,,adrian-bohane_vs_alex-hernandez@2026-09-08,2026-09-09
2026-09-08T05:43,2026-09-08_adrian_bohane_alex_hernandez,Adrian Bohane,bwin,1.53,1.53,3.5,0.0,live,,adrian-bohane_vs_alex-hernandez@2026-09-08,2026-09-09
2026-09-08T05:49,2026-09-08_adrian_bohane_alex_hernandez,Adrian Bohane,22bet,1.5,1.37,6.9,9.5,live,,adrian-bohane_vs_alex-hernandez@2026-09-08,2026-09-09
2026-09-08T05:49,2026-09-08_adrian_bohane_alex_hernandez,Adrian Bohane,bet365,1.533,1.533,9.2,0.0,live,,adrian-bohane_vs_alex-hernandez@2026-09-08,2026-09-09
2026-09-08T05:49,2026-09-08_adrian_bohane_alex_hernandez,Adrian Bohane,bwin,1.53,1.53,9.0,0.0,live,,adrian-bohane_vs_alex-hernandez@2026-09-08,2026-09-09
2026-09-08T09:30,2026-09-08_felix_gill_sebastian_ofner,Sebastian Ofner,coolbet,1.971,1.82,14.5,8.3,live,,felix-gill_vs_ofner-sebastian@2026-09-07,2026-09-09
2026-09-08T09:30,2026-09-08_felix_gill_sebastian_ofner,Sebastian Ofner,leovegas,1.96,1.96,13.8,0.0,live,,felix-gill_vs_ofner-sebastian@2026-09-07,2026-09-09
2026-09-08T09:30,2026-09-08_felix_gill_sebastian_ofner,Sebastian Ofner,unibet,1.96,1.96,13.8,0.0,live,,felix-gill_vs_ofner-sebastian@2026-09-07,2026-09-09
2026-09-08T19:37,2026-09-09_titouan_droguet_gijs_brouwer,Gijs Brouwer,betway,18.0,19.0,132.7,-5.3,live,,brouwer-gijs_vs_droguet-titouan@2026-09-09,2026-09-09
2026-09-08T23:40,2026-09-09_titouan_droguet_gijs_brouwer,Gijs Brouwer,betway,18.0,19.0,154.0,-5.3,live,,brouwer-gijs_vs_droguet-titouan@2026-09-09,2026-09-09
2026-09-09T14:34,2026-09-09_duje_ajdukovic_stefanos_sakellaridis,Duje Ajdukovic,888sport,3.25,3.25,4.5,0.0,live,,ajdukovic-duje_vs_sakellaridis-stefanos@2026-09-09,2026-09-10
2026-09-09T16:28,2026-09-10_kenta_2004_miyoshi_filip_peliwo,Filip Peliwo,betway,8.0,6.5,5.7,23.1,live,,filip-peliwo_vs_kenta-miyoshi@2026-09-10,2026-09-10
2026-09-09T21:58,2026-09-10_enrico_dalla_valle_stefano_travaglia,Stefano Travaglia,bet365,2.0,1.727,4.8,15.8,live,,dalla-enrico-valle_vs_stefano-travaglia@2026-09-10,2026-09-10
2026-09-09T21:58,2026-09-10_diego_dedura_palomero_gustavo_heide,Diego Dedura-Palomero,bet365,2.5,2.2,12.0,13.6,live,,dedura-diego-palomero_vs_gustavo-heide@2026-09-10,2026-09-10
2026-09-09T21:58,2026-09-10_diego_dedura_palomero_gustavo_heide,Diego Dedura-Palomero,bet365.fr,2.42,2.13,8.4,13.6,live,,dedura-diego-palomero_vs_gustavo-heide@2026-09-10,2026-09-10
2026-09-09T21:58,2026-09-10_max_basing_mert_alkaya,Mert Alkaya,bet365,2.625,2.625,10.4,0.0,live,,alkaya-mert_vs_basing-max@2026-09-10,2026-09-10
2026-09-09T21:58,2026-09-10_max_basing_mert_alkaya,Mert Alkaya,bet365.fr,2.54,2.54,6.8,0.0,live,,alkaya-mert_vs_basing-max@2026-09-10,2026-09-10
2026-09-10T07:52,2026-09-10_samir_hamza_reguig_jay_friend,Samir Hamza Reguig,bet365,10.0,13.0,6.2,-23.1,live,,friend-jay_vs_hamza-reguig-samir@2026-09-09,2026-09-11
2026-09-10T11:34,2026-09-10_philip_sekulic_koki_matsuda,Koki Matsuda,bet365,2.625,2.625,15.9,0.0,live,,koki-matsuda_vs_philip-sekulic@2026-09-10,2026-09-11
2026-09-10T11:34,2026-09-10_philip_sekulic_koki_matsuda,Koki Matsuda,betsson,2.6,2.6,14.8,0.0,live,,koki-matsuda_vs_philip-sekulic@2026-09-10,2026-09-11
2026-09-10T11:34,2026-09-10_philip_sekulic_koki_matsuda,Koki Matsuda,betway,2.6,2.6,14.8,0.0,live,,koki-matsuda_vs_philip-sekulic@2026-09-10,2026-09-11
2026-09-11T04:06,2026-09-11_titouan_droguet_daniil_glinka,Daniil Glinka,bet365,3.25,3.25,3.2,0.0,live,,daniil-glinka_vs_droguet-titouan@2026-09-11,2026-09-11
2026-09-11T11:52,2026-09-12_arthur_weber_yuta_shimizu,Arthur Weber,22bet,2.694,2.321,6.1,16.1,live,,arthur-weber_vs_shimizu-yuta@2026-09-12,2026-09-12
2026-09-11T12:25,2026-09-12_arthur_weber_yuta_shimizu,Arthur Weber,22bet,2.694,2.321,9.5,16.1,live,,arthur-weber_vs_shimizu-yuta@2026-09-12,2026-09-12
2026-09-13T07:58,2026-09-13_justina_mikulskyte_chloe_paquet,Justina Mikulskyte,bwin,2.05,1.8,3.9,13.9,hist,,chloe-paquet_vs_justina-mikulskyte@2026-09-13,2026-09-14
2026-09-13T08:25,2026-09-13_alex_kobelt_matisse_bobichon,Alex Kobelt,betway,8.0,6.5,12.2,23.1,hist,,alex-kobelt_vs_bobichon-matisse@2026-09-13,2026-09-14
2026-09-13T08:37,2026-09-13_lorenzo_beraldo_dimitris_sakellaridis,Lorenzo Beraldo,888sport,3.4,2.75,4.7,23.6,live,,beraldo-lorenzo_vs_dimitris-sakellaridis@2026-09-13,2026-09-14
2026-09-13T08:37,2026-09-13_lorenzo_beraldo_dimitris_sakellaridis,Lorenzo Beraldo,betsson,3.35,3.05,3.2,9.8,live,,beraldo-lorenzo_vs_dimitris-sakellaridis@2026-09-13,2026-09-14
2026-09-13T12:13,2026-09-13_peyton_stearns_emiliana_arango,Emiliana Arango,tipico,3.1,2.7,4.6,14.8,hist,,arango-emiliana_vs_peyton-stearns@2026-09-13,2026-09-14
2026-09-13T18:58,2026-09-13_andrew_fenty_ryan_seggerman,Ryan Seggerman,unibet,1.85,1.7,5.4,8.8,hist,,andrew-fenty_vs_ryan-seggerman@2026-09-13,2026-09-14
2026-09-14T04:31,2026-09-14_colin_sinclair_linang_xiao,Colin Sinclair,bwin,1.75,1.57,3.3,11.5,hist,,colin-sinclair_vs_linang-xiao@2026-09-14,2026-09-15
2026-09-14T04:31,2026-09-14_colin_sinclair_linang_xiao,Colin Sinclair,leovegas,1.78,1.62,5.0,9.9,hist,,colin-sinclair_vs_linang-xiao@2026-09-14,2026-09-15
2026-09-14T04:31,2026-09-14_colin_sinclair_linang_xiao,Colin Sinclair,unibet,1.78,1.62,5.0,9.9,hist,,colin-sinclair_vs_linang-xiao@2026-09-14,2026-09-15
2026-09-14T06:52,2026-09-14_kacper_knitter_martin_krumich,Kacper Knitter,leovegas,15.0,7.5,20.5,100.0,hist,,kacper-knitter_vs_krumich-martin@2026-09-14,2026-09-15
2026-09-14T06:52,2026-09-14_kacper_knitter_martin_krumich,Kacper Knitter,unibet,15.0,8.0,20.5,87.5,live,,kacper-knitter_vs_krumich-martin@2026-09-14,2026-09-15
2026-09-14T06:52,2026-09-14_spencer_johnson_erik_arutiunian,Erik Arutiunian,betsson,4.2,3.8,5.3,10.5,hist,,arutiunian-erik_vs_johnson-spencer@2026-09-14,2026-09-15
2026-09-14T06:52,2026-09-14_kacper_knitter_martin_krumich,Kacper Knitter,888sport,13.0,13.0,4.4,0.0,live,,kacper-knitter_vs_krumich-martin@2026-09-14,2026-09-15
2026-09-14T08:46,2026-09-14_kacper_knitter_martin_krumich,Kacper Knitter,leovegas,15.0,7.5,58.3,100.0,hist,,kacper-knitter_vs_krumich-martin@2026-09-14,2026-09-15
2026-09-14T08:46,2026-09-14_kacper_knitter_martin_krumich,Kacper Knitter,unibet,15.0,8.0,58.3,87.5,live,,kacper-knitter_vs_krumich-martin@2026-09-14,2026-09-15
2026-09-14T08:46,2026-09-14_kacper_knitter_martin_krumich,Kacper Knitter,888sport,13.0,13.0,37.2,0.0,live,,kacper-knitter_vs_krumich-martin@2026-09-14,2026-09-15
2026-09-14T09:01,2026-09-14_kacper_knitter_martin_krumich,Kacper Knitter,leovegas,15.0,7.5,89.9,100.0,hist,,kacper-knitter_vs_krumich-martin@2026-09-14,2026-09-15
2026-09-14T09:01,2026-09-14_kacper_knitter_martin_krumich,Kacper Knitter,unibet,15.0,8.0,89.9,87.5,live,,kacper-knitter_vs_krumich-martin@2026-09-14,2026-09-15
2026-09-14T09:01,2026-09-14_kacper_knitter_martin_krumich,Kacper Knitter,888sport,13.0,13.0,64.6,0.0,live,,kacper-knitter_vs_krumich-martin@2026-09-14,2026-09-15
2026-09-14T09:10,2026-09-14_cadence_brace_solana_sierra,Solana Sierra,22bet,1.61,1.51,3.4,6.6,live,,brace-cadence_vs_sierra-solana@2026-09-14,2026-09-15
2026-09-14T09:10,2026-09-14_cadence_brace_solana_sierra,Solana Sierra,bet365,1.615,1.533,3.7,5.3,live,,brace-cadence_vs_sierra-solana@2026-09-14,2026-09-15
2026-09-14T09:10,2026-09-14_cadence_brace_solana_sierra,Solana Sierra,winamax.fr,1.62,1.62,4.0,0.0,live,,brace-cadence_vs_sierra-solana@2026-09-14,2026-09-15
2026-09-14T14:58,2026-09-14_tom_gentzsch_alan_wazny,Alan Wazny,tipico,6.0,4.8,6.4,25.0,hist,,alan-wazny_vs_gentzsch-tom@2026-09-14,2026-09-15
2026-09-14T14:58,2026-09-14_tom_gentzsch_alan_wazny,Alan Wazny,leovegas,6.1,5.2,8.2,17.3,hist,,alan-wazny_vs_gentzsch-tom@2026-09-14,2026-09-15
2026-09-14T14:58,2026-09-14_tom_gentzsch_alan_wazny,Alan Wazny,unibet,6.1,5.4,8.2,13.0,hist,,alan-wazny_vs_gentzsch-tom@2026-09-14,2026-09-15
2026-09-15T01:04,2026-09-15_tiago_pereira_filip_pieczonka,Filip Pieczonka,bet365.fr,1.98,1.62,7.4,22.2,hist,,filip-pieczonka_vs_pereira-tiago@2026-09-15,2026-09-16
2026-09-15T01:04,2026-09-15_tiago_pereira_filip_pieczonka,Filip Pieczonka,bet365,2.1,1.727,14.0,21.6,hist,,filip-pieczonka_vs_pereira-tiago@2026-09-15,2026-09-16
2026-09-15T01:04,2026-09-15_alex_marti_pujolras_stefano_napolitano,Alex Marti Pujolras,tipico,2.7,2.4,6.0,12.5,hist,,alex-marti-pujolras_vs_napolitano-stefano@2026-09-15,2026-09-16
2026-09-15T01:04,2026-09-15_alex_marti_pujolras_stefano_napolitano,Alex Marti Pujolras,22bet,2.694,2.445,5.8,10.2,hist,,alex-marti-pujolras_vs_napolitano-stefano@2026-09-15,2026-09-16
2026-09-15T01:04,2026-09-15_alex_marti_pujolras_stefano_napolitano,Alex Marti Pujolras,bet365,2.75,2.625,8.0,4.8,hist,,alex-marti-pujolras_vs_napolitano-stefano@2026-09-15,2026-09-16
2026-09-15T04:10,2026-09-15_alex_barrena_maxime_chazal,Maxime Chazal,betway,2.8,2.5,3.2,12.0,hist,,alex-barrena_vs_chazal-maxime@2026-09-14,2026-09-16
2026-09-15T09:13,2026-09-15_darja_semenistaja_hayu_kinoshita,Darja Semenistaja,betway,1.8,1.6,7.5,12.5,hist,,darja-semenistaja_vs_hayu-kinoshita@2026-09-15,2026-09-16
2026-09-15T09:37,2026-09-15_clement_tabur_harold_mayot,Harold Mayot,bwin,1.8,1.65,3.4,9.1,hist,,clement-tabur_vs_harold-mayot@2026-09-14,2026-09-16
2026-09-15T09:37,2026-09-15_clement_tabur_harold_mayot,Harold Mayot,bet365,1.833,1.7,5.3,7.8,hist,,clement-tabur_vs_harold-mayot@2026-09-14,2026-09-16
2026-09-15T12:05,2026-09-15_eva_lys_gabriela_ce,Gabriela CE,22bet,9.8,9.8,23.5,0.0,hist,,ce-gabriela_vs_eva-lys@2026-09-14,2026-09-16
2026-09-15T12:05,2026-09-15_eva_lys_gabriela_ce,Gabriela CE,1xbet,9.8,9.8,23.5,0.0,hist,,ce-gabriela_vs_eva-lys@2026-09-14,2026-09-16
2026-09-15T12:05,2026-09-15_eva_lys_gabriela_ce,Gabriela CE,leovegas,9.0,9.0,13.4,0.0,live,,ce-gabriela_vs_eva-lys@2026-09-14,2026-09-16
2026-09-15T12:27,2026-09-15_whitney_osuigwe_kaitlin_quevedo,Whitney Osuigwe,tipico,3.2,3.1,3.5,3.2,live,,kaitlin-quevedo_vs_osuigwe-whitney@2026-09-15,2026-09-16
2026-09-15T12:27,2026-09-15_whitney_osuigwe_kaitlin_quevedo,Whitney Osuigwe,winamax.fr,3.2,3.2,3.5,0.0,live,,kaitlin-quevedo_vs_osuigwe-whitney@2026-09-15,2026-09-16
2026-09-15T12:27,2026-09-15_whitney_osuigwe_kaitlin_quevedo,Whitney Osuigwe,bet365,3.2,3.2,3.5,0.0,live,,kaitlin-quevedo_vs_osuigwe-whitney@2026-09-15,2026-09-16
2026-09-15T14:19,2026-09-15_whitney_osuigwe_kaitlin_quevedo,Whitney Osuigwe,winamax.fr,3.2,3.2,8.0,0.0,live,,kaitlin-quevedo_vs_osuigwe-whitney@2026-09-15,2026-09-16
2026-09-15T14:19,2026-09-15_whitney_osuigwe_kaitlin_quevedo,Whitney Osuigwe,leovegas,3.1,3.1,4.6,0.0,live,,kaitlin-quevedo_vs_osuigwe-whitney@2026-09-15,2026-09-16
2026-09-15T14:19,2026-09-15_whitney_osuigwe_kaitlin_quevedo,Whitney Osuigwe,unibet,3.1,3.1,4.6,0.0,live,,kaitlin-quevedo_vs_osuigwe-whitney@2026-09-15,2026-09-16
2026-09-15T17:25,2026-09-16_hunter_heck_luka_pavlovic,Hunter Heck,bet365,4.5,3.0,23.2,50.0,live,,heck-hunter_vs_luka-pavlovic@2026-09-16,2026-09-16
2026-09-15T17:25,2026-09-16_hunter_heck_luka_pavlovic,Hunter Heck,bet365.fr,4.22,2.82,15.5,49.6,live,,heck-hunter_vs_luka-pavlovic@2026-09-16,2026-09-16
2026-09-15T17:25,2026-09-16_hunter_heck_luka_pavlovic,Hunter Heck,betway,4.25,2.9,16.3,46.6,live,,heck-hunter_vs_luka-pavlovic@2026-09-16,2026-09-16
2026-09-15T18:46,2026-09-16_rodrigo_pacheco_mendez_arthur_weber,Arthur Weber,bet365,4.0,3.25,6.1,23.1,live,,arthur-weber_vs_mendez-pacheco-rodrigo@2026-09-16,2026-09-16
2026-09-15T18:53,2026-09-16_rodrigo_pacheco_mendez_arthur_weber,Arthur Weber,tipico,3.7,3.0,3.2,23.3,live,,arthur-weber_vs_mendez-pacheco-rodrigo@2026-09-16,2026-09-16
2026-09-15T18:53,2026-09-16_rodrigo_pacheco_mendez_arthur_weber,Arthur Weber,bet365,4.0,3.25,11.6,23.1,live,,arthur-weber_vs_mendez-pacheco-rodrigo@2026-09-16,2026-09-16
2026-09-15T18:53,2026-09-16_rodrigo_pacheco_mendez_arthur_weber,Arthur Weber,bet365.fr,3.72,3.05,3.8,22.0,live,,arthur-weber_vs_mendez-pacheco-rodrigo@2026-09-16,2026-09-16
2026-09-15T19:37,2026-09-16_hunter_heck_luka_pavlovic,Hunter Heck,bet365,4.5,3.0,27.6,50.0,live,,heck-hunter_vs_luka-pavlovic@2026-09-16,2026-09-16
2026-09-15T19:37,2026-09-16_hunter_heck_luka_pavlovic,Hunter Heck,bet365.fr,4.22,2.82,19.6,49.6,live,,heck-hunter_vs_luka-pavlovic@2026-09-16,2026-09-16
2026-09-15T19:37,2026-09-16_hunter_heck_luka_pavlovic,Hunter Heck,22bet,3.74,2.853,6.0,31.1,live,,heck-hunter_vs_luka-pavlovic@2026-09-16,2026-09-16
2026-09-15T21:29,2026-09-16_rodrigo_pacheco_mendez_arthur_weber,Arthur Weber,22bet,3.645,2.943,10.4,23.9,live,,arthur-weber_vs_mendez-pacheco-rodrigo@2026-09-16,2026-09-16
2026-09-15T21:47,2026-09-15_diane_parry_peyton_stearns,Diane Parry,unibet.fr,2.05,2.05,3.5,0.0,live,,diane-parry_vs_peyton-stearns@2026-09-15,2026-09-16
2026-09-16T01:16,2026-09-15_eva_lys_gabriela_ce,Gabriela CE,4casters,8.76,9.2,26.1,-4.8,live,,ce-gabriela_vs_eva-lys@2026-09-14,2026-09-17
2026-09-16T08:49,2026-09-16_diego_dedura_palomero_kilian_feldbausch,Diego Dedura-Palomero,bet365,2.37,2.1,5.7,12.9,hist,,dedura-diego-palomero_vs_feldbausch-kilian@2026-09-16,2026-09-17
2026-09-16T15:32,2026-09-16_laslo_djere_luka_mikrut,Luka Mikrut,tipico,3.0,2.85,3.3,5.3,hist,,djere-laslo_vs_luka-mikrut@2026-09-16,2026-09-17
2026-09-16T15:32,2026-09-16_laslo_djere_luka_mikrut,Luka Mikrut,leovegas,3.05,3.05,5.0,0.0,live,,djere-laslo_vs_luka-mikrut@2026-09-16,2026-09-17
2026-09-16T15:32,2026-09-16_laslo_djere_luka_mikrut,Luka Mikrut,unibet,3.05,3.05,5.0,0.0,live,,djere-laslo_vs_luka-mikrut@2026-09-16,2026-09-17
2026-09-16T21:43,2026-09-17_martin_borisiouk_florent_bax,Martin Borisiouk,888sport,2.375,2.375,9.5,0.0,live,,bax-florent_vs_borisiouk-martin@2026-09-17,2026-09-17
2026-09-17T08:07,2026-09-17_nauhany_vitoria_leme_da_silva_kaitlin_quevedo,Nauhany Vitoria Leme Da Silva,bet365.fr,5.8,4.8,5.2,20.8,live,,da-leme-nauhany-silva-vitoria_vs_kaitlin-quevedo@2026-09-17,2026-09-18
2026-09-17T08:07,2026-09-17_nauhany_vitoria_leme_da_silva_kaitlin_quevedo,Nauhany Vitoria Leme Da Silva,bet365,6.0,5.0,8.8,20.0,live,,da-leme-nauhany-silva-vitoria_vs_kaitlin-quevedo@2026-09-17,2026-09-18
2026-09-17T08:07,2026-09-17_nauhany_vitoria_leme_da_silva_kaitlin_quevedo,Nauhany Vitoria Leme Da Silva,tipico,5.7,5.0,3.3,14.0,live,,da-leme-nauhany-silva-vitoria_vs_kaitlin-quevedo@2026-09-17,2026-09-18
2026-09-17T08:46,2026-09-17_jazmin_ortenzi_paula_badosa,Jazmin Ortenzi,4casters,12.0,11.23,7.7,6.9,live,,badosa-paula_vs_jazmin-ortenzi@2026-09-17,2026-09-18
2026-09-17T11:28,2026-09-17_timo_legout_bryce_nakashima_nakashima,Bryce Nakashima Nakashima,bet365,2.62,2.37,6.3,10.5,live,,bryce-nakashima_vs_legout-timo@2026-09-17,2026-09-18
2026-09-17T11:28,2026-09-17_timo_legout_bryce_nakashima_nakashima,Bryce Nakashima Nakashima,leovegas,2.65,2.43,7.5,9.1,live,,bryce-nakashima_vs_legout-timo@2026-09-17,2026-09-18
2026-09-17T11:28,2026-09-17_timo_legout_bryce_nakashima_nakashima,Bryce Nakashima Nakashima,unibet,2.65,2.43,7.5,9.1,live,,bryce-nakashima_vs_legout-timo@2026-09-17,2026-09-18
2026-09-17T11:34,2026-09-17_eva_lys_nadia_podoroska,Nadia Podoroska,22bet,2.786,2.56,4.9,8.8,live,,eva-lys_vs_nadia-podoroska@2026-09-17,2026-09-18
2026-09-17T11:34,2026-09-17_eva_lys_nadia_podoroska,Nadia Podoroska,1xbet,2.747,2.56,3.4,7.3,live,,eva-lys_vs_nadia-podoroska@2026-09-17,2026-09-18
2026-09-17T11:34,2026-09-17_eva_lys_nadia_podoroska,Nadia Podoroska,bet365,2.75,2.62,3.5,5.0,live,,eva-lys_vs_nadia-podoroska@2026-09-17,2026-09-18
2026-09-17T12:13,2026-09-17_elina_avanesyan_alina_charaeva,Alina Charaeva,leovegas,2.18,1.98,3.2,10.1,live,,alina-charaeva_vs_avanesyan-elina@2026-09-17,2026-09-18
2026-09-17T12:13,2026-09-17_elina_avanesyan_alina_charaeva,Alina Charaeva,unibet,2.18,1.98,3.2,10.1,live,,alina-charaeva_vs_avanesyan-elina@2026-09-17,2026-09-18
2026-09-17T15:19,2026-09-17_dominika_salkova_mary_stoiana,Dominika Salkova,betway,2.75,2.6,3.1,5.8,live,,dominika-salkova_vs_mary-stoiana@2026-09-17,2026-09-18
2026-09-17T15:19,2026-09-17_dominika_salkova_mary_stoiana,Dominika Salkova,bet365,2.75,2.62,3.1,5.0,live,,dominika-salkova_vs_mary-stoiana@2026-09-17,2026-09-18
2026-09-17T16:07,2026-09-17_dominika_salkova_mary_stoiana,Dominika Salkova,bet365,2.75,2.62,3.9,5.0,live,,dominika-salkova_vs_mary-stoiana@2026-09-17,2026-09-18
2026-09-17T19:22,2026-09-18_matthew_dellavedova_hunter_heck,Hunter Heck,bet365,3.25,3.25,4.5,0.0,live,,dellavedova-matthew_vs_heck-hunter@2026-09-17,2026-09-18
2026-09-18T04:01,2026-09-18_jeffrey_john_wolf_sebastian_gorzny,Sebastian Gorzny,bet365,3.4,2.62,3.5,29.8,hist,,gorzny-sebastian_vs_jeffrey-john-wolf@2026-09-18,2026-09-19
2026-09-18T05:13,2026-09-18_tom_gentzsch_luka_mikrut,Luka Mikrut,betway,2.2,1.9,5.6,15.8,hist,,gentzsch-tom_vs_luka-mikrut@2026-09-18,2026-09-19
2026-09-18T08:58,2026-09-18_harold_mayot_clement_chidekh,Harold Mayot,leovegas,2.7,2.38,11.9,13.4,live,,chidekh-clement_vs_harold-mayot@2026-09-18,2026-09-19
2026-09-18T08:58,2026-09-18_harold_mayot_clement_chidekh,Harold Mayot,unibet,2.7,2.38,11.9,13.4,live,,chidekh-clement_vs_harold-mayot@2026-09-18,2026-09-19
2026-09-18T15:25,2026-09-18_francesco_maestrelli_sascha_gueymard_wayenburg,Francesco Maestrelli,1xbet,2.653,2.62,6.2,1.3,hist,,francesco-maestrelli_vs_gueymard-sascha-wayenburg@2026-09-18,2026-09-19
2026-09-18T15:25,2026-09-18_francesco_maestrelli_sascha_gueymard_wayenburg,Francesco Maestrelli,22bet,2.653,2.62,6.2,1.3,hist,,francesco-maestrelli_vs_gueymard-sascha-wayenburg@2026-09-18,2026-09-19
2026-09-19T04:15,2026-09-19_marat_sharipov_petr_bar_biryukov,Petr Bar Biryukov,tipico,4.8,4.3,5.5,11.6,hist,,bar-biryukov-petr_vs_marat-sharipov@2026-09-19,2026-09-20
2026-09-19T14:42,2026-09-20_rodrigo_pacheco_mendez_ilia_simakin,Ilia Simakin,bet365,1.87,1.58,4.3,18.4,live,,ilia-simakin_vs_mendez-pacheco-rodrigo@2026-09-20,2026-09-20
2026-09-19T14:57,2026-09-20_rodrigo_pacheco_mendez_ilia_simakin,Ilia Simakin,bet365.fr,1.8,1.51,3.9,19.2,live,,ilia-simakin_vs_mendez-pacheco-rodrigo@2026-09-20,2026-09-20
2026-09-19T14:57,2026-09-20_rodrigo_pacheco_mendez_ilia_simakin,Ilia Simakin,bet365,1.87,1.58,7.9,18.4,live,,ilia-simakin_vs_mendez-pacheco-rodrigo@2026-09-20,2026-09-20
2026-09-20T04:03,2026-09-20_carlo_alberto_caniato_alejandro_moro_canas,Carlo Alberto Caniato,betway,2.25,2.25,4.3,0.0,hist,,alberto-caniato-carlo_vs_alejandro-canas-moro@2026-09-20,2026-09-21
2026-09-20T09:07,2026-09-21_daria_kasatkina_aliaksandra_sasnovich,Daria Kasatkina,22bet,1.805,1.605,6.7,12.5,live,,aliaksandra-sasnovich_vs_daria-kasatkina@2026-09-21,2026-09-21
2026-09-20T09:07,2026-09-21_daria_kasatkina_aliaksandra_sasnovich,Daria Kasatkina,1xbet,1.814,1.614,7.2,12.4,live,,aliaksandra-sasnovich_vs_daria-kasatkina@2026-09-21,2026-09-21
2026-09-20T09:07,2026-09-21_daria_kasatkina_aliaksandra_sasnovich,Daria Kasatkina,leovegas,1.79,1.62,5.8,10.5,live,,aliaksandra-sasnovich_vs_daria-kasatkina@2026-09-21,2026-09-21
2026-09-20T19:18,2026-09-20_daniil_ostapenkov_quinn_vandecasteele,Quinn Vandecasteele,22bet,1.63,1.32,9.2,23.5,hist,,daniil-ostapenkov_vs_quinn-vandecasteele@2026-09-20,2026-09-21
2026-09-20T19:18,2026-09-20_daniil_ostapenkov_quinn_vandecasteele,Quinn Vandecasteele,888sport,1.571,1.333,5.3,17.9,hist,,daniil-ostapenkov_vs_quinn-vandecasteele@2026-09-20,2026-09-21
2026-09-20T19:18,2026-09-20_daniil_ostapenkov_quinn_vandecasteele,Quinn Vandecasteele,bet365,1.54,1.54,3.2,0.0,live,,daniil-ostapenkov_vs_quinn-vandecasteele@2026-09-20,2026-09-21
2026-09-20T19:39,2026-09-20_daniil_ostapenkov_quinn_vandecasteele,Quinn Vandecasteele,22bet,1.47,1.32,3.6,11.4,hist,,daniil-ostapenkov_vs_quinn-vandecasteele@2026-09-20,2026-09-21
2026-09-20T19:39,2026-09-20_daniil_ostapenkov_quinn_vandecasteele,Quinn Vandecasteele,bet365,1.54,1.54,8.6,0.0,live,,daniil-ostapenkov_vs_quinn-vandecasteele@2026-09-20,2026-09-21
2026-09-20T19:39,2026-09-20_daniil_ostapenkov_quinn_vandecasteele,Quinn Vandecasteele,bet365.fr,1.47,1.47,3.6,0.0,live,,daniil-ostapenkov_vs_quinn-vandecasteele@2026-09-20,2026-09-21
2026-09-20T20:12,2026-09-20_andrew_johnson_sebastian_gorzny,Andrew Johnson,bet365,3.4,2.62,14.9,29.8,hist,,andrew-johnson_vs_gorzny-sebastian@2026-09-20,2026-09-21
2026-09-20T20:12,2026-09-20_andrew_johnson_sebastian_gorzny,Andrew Johnson,bet365.fr,3.2,2.47,8.1,29.6,hist,,andrew-johnson_vs_gorzny-sebastian@2026-09-20,2026-09-21
2026-09-20T20:12,2026-09-20_andrew_johnson_sebastian_gorzny,Andrew Johnson,1xbet,3.05,2.734,3.0,11.6,hist,,andrew-johnson_vs_gorzny-sebastian@2026-09-20,2026-09-21
2026-09-20T22:42,2026-09-21_talia_gibson_fiona_ferro,Talia Gibson,sharpbet,1.72,1.637,3.5,5.1,live,,ferro-fiona_vs_gibson-talia@2026-09-21,2026-09-22
2026-09-21T00:45,2026-09-20_federico_aguilar_cardozo_ryan_dickerson,Federico Aguilar Cardozo,22bet,1.64,1.64,58.5,0.0,hist,,aguilar-cardozo-federico_vs_dickerson-ryan@2026-09-20,2026-09-22
2026-09-21T00:45,2026-09-20_federico_aguilar_cardozo_ryan_dickerson,Federico Aguilar Cardozo,888sport,1.615,1.615,56.1,0.0,hist,,aguilar-cardozo-federico_vs_dickerson-ryan@2026-09-20,2026-09-22
2026-09-21T00:45,2026-09-20_federico_aguilar_cardozo_ryan_dickerson,Federico Aguilar Cardozo,leovegas,1.07,1.6,3.4,-33.1,hist,,aguilar-cardozo-federico_vs_dickerson-ryan@2026-09-20,2026-09-22
2026-09-21T05:27,2026-09-21_pavlos_tsitsipas_nikita_mashtakov,Pavlos Tsitsipas,bet365,6.0,6.0,7.6,0.0,live,,mashtakov-nikita_vs_pavlos-tsitsipas@2026-09-21,2026-09-22
2026-09-21T06:33,2026-09-21_yue_yuan_dayeon_back,Yue Yuan,888sport,1.25,1.25,8.9,0.0,live,,back-dayeon_vs_yuan-yue@2026-09-21,2026-09-22
2026-09-21T07:12,2026-09-21_lorenzo_rottoli_stefano_d_agostino,Lorenzo Rottoli,bet365,1.69,1.5,9.1,12.7,live,,agostino-d-stefano_vs_lorenzo-rottoli@2026-09-21,2026-09-22
2026-09-21T07:12,2026-09-21_lorenzo_rottoli_stefano_d_agostino,Lorenzo Rottoli,betsson,1.66,1.52,7.2,9.2,hist,,agostino-d-stefano_vs_lorenzo-rottoli@2026-09-21,2026-09-22
2026-09-21T07:12,2026-09-21_lorenzo_rottoli_stefano_d_agostino,Lorenzo Rottoli,betway,1.65,1.55,6.5,6.5,hist,,agostino-d-stefano_vs_lorenzo-rottoli@2026-09-21,2026-09-22
2026-09-21T08:04,2026-09-21_jakub_vrba_spencer_johnson,Jakub Vrba,leovegas,5.8,5.1,7.1,13.7,live,,jakub-vrba_vs_johnson-spencer@2026-09-21,2026-09-22
2026-09-21T08:04,2026-09-21_jakub_vrba_spencer_johnson,Jakub Vrba,unibet,5.8,5.1,7.1,13.7,live,,jakub-vrba_vs_johnson-spencer@2026-09-21,2026-09-22
2026-09-21T08:48,2026-09-21_ryan_nijboer_alejandro_juan_mano,Alejandro Juan Mano,betway,3.0,3.3,3.8,-9.1,live,,alejandro-juan-mano_vs_nijboer-ryan@2026-09-21,2026-09-22
2026-09-21T14:33,2026-09-21_federico_arnaboldi_florian_broska,Federico Arnaboldi,bet365,2.37,2.1,14.2,12.9,hist,,arnaboldi-federico_vs_broska-florian@2026-09-21,2026-09-22
2026-09-21T14:33,2026-09-21_federico_arnaboldi_florian_broska,Federico Arnaboldi,bet365.fr,2.22,1.98,7.0,12.1,hist,,arnaboldi-federico_vs_broska-florian@2026-09-21,2026-09-22
2026-09-21T14:39,2026-09-21_federico_arnaboldi_florian_broska,Federico Arnaboldi,bet365,2.37,2.1,17.4,12.9,hist,,arnaboldi-federico_vs_broska-florian@2026-09-21,2026-09-22
2026-09-21T14:39,2026-09-21_federico_arnaboldi_florian_broska,Federico Arnaboldi,bet365.fr,2.22,1.98,10.0,12.1,hist,,arnaboldi-federico_vs_broska-florian@2026-09-21,2026-09-22
2026-09-21T14:39,2026-09-21_federico_arnaboldi_florian_broska,Federico Arnaboldi,leovegas,2.08,1.88,3.1,10.6,live,,arnaboldi-federico_vs_broska-florian@2026-09-21,2026-09-22
2026-09-21T14:48,2026-09-21_aidan_mayo_sebastian_gorzny,Sebastian Gorzny,bet365,2.1,1.8,9.2,16.7,live,,aidan-mayo_vs_gorzny-sebastian@2026-09-21,2026-09-22
2026-09-21T15:39,2026-09-21_andrew_fenty_erik_arutiunian,Erik Arutiunian,bet365,2.1,1.8,4.1,16.7,hist,,andrew-fenty_vs_arutiunian-erik@2026-09-21,2026-09-22
2026-09-21T17:16,2026-09-21_timo_legout_daniil_ostapenkov,Timo Legout,unibet,1.27,1.18,4.1,7.6,live,,daniil-ostapenkov_vs_legout-timo@2026-09-21,2026-09-22
2026-09-21T17:16,2026-09-21_timo_legout_daniil_ostapenkov,Timo Legout,leovegas,1.27,1.18,4.1,7.6,live,,daniil-ostapenkov_vs_legout-timo@2026-09-21,2026-09-22
2026-09-22T02:54,2026-09-22_alina_charaeva_sofia_kenin,Sofia Kenin,bet365,1.87,1.87,3.2,0.0,live,,alina-charaeva_vs_kenin-sofia@2026-09-21,2026-09-22
2026-09-22T06:18,2026-09-22_felix_gill_alexander_vasilev,Alexander Vasilev,tipico,4.0,3.3,6.5,21.2,live,,alexander-vasilev_vs_felix-gill@2026-09-22,2026-09-22
2026-09-22T06:18,2026-09-22_felix_gill_alexander_vasilev,Alexander Vasilev,bet365,4.33,4.33,15.3,0.0,live,,alexander-vasilev_vs_felix-gill@2026-09-22,2026-09-22
2026-09-22T06:18,2026-09-22_felix_gill_alexander_vasilev,Alexander Vasilev,bet365.fr,4.05,4.05,7.8,0.0,live,,alexander-vasilev_vs_felix-gill@2026-09-22,2026-09-22
2026-09-22T08:34,2026-09-22_matheus_pucinelli_de_almeida_hugo_dellien,Matheus Pucinelli de Almeida,bet365,2.62,2.62,3.1,0.0,live,,almeida-de-matheus-pucinelli_vs_dellien-hugo@2026-09-21,2026-09-22
2026-09-22T09:52,2026-09-22_alejandro_juan_mano_francesco_passaro,Alejandro Juan Mano,betway,6.0,4.75,11.4,26.3,live,,alejandro-juan-mano_vs_francesco-passaro@2026-09-22,2026-09-22
2026-09-22T11:46,2026-09-22_stefan_kozlov_colton_smith,Stefan Kozlov,bet365,3.4,2.62,14.2,29.8,live,,colton-smith_vs_kozlov-stefan@2026-09-21,2026-09-22
2026-09-22T11:46,2026-09-22_stefan_kozlov_colton_smith,Stefan Kozlov,bet365.fr,3.2,2.47,7.5,29.6,live,,colton-smith_vs_kozlov-stefan@2026-09-21,2026-09-22
2026-09-22T15:16,2026-09-22_matthew_william_donald_gianluca_cadenasso,Matthew William Donald,bet365,2.5,2.5,4.6,0.0,live,,cadenasso-gianluca_vs_donald-matthew-william@2026-09-22,2026-09-22
2026-09-22T21:07,2026-09-24_anna_bondar_alina_charaeva,Anna Bondar,betsson,1.79,1.51,14.2,18.5,live,,alina-charaeva_vs_anna-bondar@2026-09-24,2026-09-24
2026-09-22T23:13,2026-09-22_murphy_cassone_clement_tabur,Clement Tabur,1xbet,2.42,1.83,33.7,32.2,hist,,cassone-murphy_vs_clement-tabur@2026-09-22,2026-09-24
2026-09-22T23:13,2026-09-22_murphy_cassone_clement_tabur,Clement Tabur,22bet,2.42,1.83,33.7,32.2,hist,,cassone-murphy_vs_clement-tabur@2026-09-22,2026-09-24
2026-09-22T23:13,2026-09-22_murphy_cassone_clement_tabur,Clement Tabur,netbet,2.26,1.83,24.9,23.5,hist,,cassone-murphy_vs_clement-tabur@2026-09-22,2026-09-24
2026-09-23T06:37,2026-09-23_alycia_parks_leylah_fernandez,Alycia Parks,bet365,3.75,3.4,3.2,10.3,live,,alycia-parks_vs_fernandez-leylah@2026-09-23,2026-09-24
2026-09-23T06:37,2026-09-23_alycia_parks_leylah_fernandez,Alycia Parks,4casters,3.77,3.59,3.8,5.0,live,,alycia-parks_vs_fernandez-leylah@2026-09-23,2026-09-24
2026-09-23T08:49,2026-09-23_patrick_maloney_igor_marcondes,Patrick Maloney,betway,2.2,2.0,3.5,10.0,live,,igor-marcondes_vs_maloney-patrick@2026-09-23,2026-09-24
2026-09-23T08:49,2026-09-23_patrick_maloney_igor_marcondes,Patrick Maloney,888sport,2.2,2.0,3.5,10.0,live,,igor-marcondes_vs_maloney-patrick@2026-09-23,2026-09-24
2026-09-23T08:49,2026-09-23_patrick_maloney_igor_marcondes,Patrick Maloney,22bet,2.215,2.029,4.3,9.2,hist,,igor-marcondes_vs_maloney-patrick@2026-09-23,2026-09-24
2026-09-23T21:34,2026-09-24_felix_gill_iliyan_radulov,Iliyan Radulov,bet365,3.25,2.75,5.8,18.2,live,,felix-gill_vs_iliyan-radulov@2026-09-24,2026-09-25
2026-09-23T23:28,2026-09-24_nuno_borges_camilo_ugo_carabelli,Camilo Ugo Carabelli,4casters,4.77,4.59,4.8,3.9,live,,borges-nuno_vs_camilo-carabelli-ugo@2026-09-23,2026-09-24
2026-09-24T03:37,2026-09-24_miomir_kecmanovic_nikoloz_basilashvili,Nikoloz Basilashvili,unibet,2.55,2.33,3.6,9.4,live,,basilashvili-nikoloz_vs_kecmanovic-miomir@2026-09-24,2026-09-24
2026-09-24T03:37,2026-09-24_miomir_kecmanovic_nikoloz_basilashvili,Nikoloz Basilashvili,leovegas,2.55,2.33,3.6,9.4,live,,basilashvili-nikoloz_vs_kecmanovic-miomir@2026-09-24,2026-09-24
2026-09-24T03:37,2026-09-24_miomir_kecmanovic_nikoloz_basilashvili,Nikoloz Basilashvili,bet365,2.62,2.5,6.4,4.8,live,,basilashvili-nikoloz_vs_kecmanovic-miomir@2026-09-24,2026-09-24
2026-09-24T08:40,2026-09-24_franco_roncadelli_pedro_boscardin_dias,Pedro Boscardin Dias,bet365,2.1,1.8,4.0,16.7,live,,boscardin-dias-pedro_vs_franco-roncadelli@2026-09-23,2026-09-25
2026-09-24T17:46,2026-09-25_nikoloz_basilashvili_botic_van_de_zandschulp,Nikoloz Basilashvili,bet365.fr,2.68,2.55,11.6,5.1,live,,basilashvili-nikoloz_vs_botic-de-van-zandschulp@2026-09-25,2026-09-26
2026-09-24T17:46,2026-09-25_nikoloz_basilashvili_botic_van_de_zandschulp,Nikoloz Basilashvili,bet365,2.75,2.62,14.5,5.0,live,,basilashvili-nikoloz_vs_botic-de-van-zandschulp@2026-09-25,2026-09-26
2026-09-24T19:43,2026-09-25_vit_kopriva_denis_shapovalov,Vit Kopriva,bet365.fr,4.35,3.85,7.3,13.0,live,,denis-shapovalov_vs_kopriva-vit@2026-09-25,2026-09-26
2026-09-24T19:43,2026-09-25_vit_kopriva_denis_shapovalov,Vit Kopriva,bet365,4.5,4.0,11.0,12.5,live,,denis-shapovalov_vs_kopriva-vit@2026-09-25,2026-09-26
2026-09-24T19:43,2026-09-25_alejandro_tabilo_adrian_mannarino,Adrian Mannarino,bet365.fr,2.68,2.43,6.5,10.3,live,,adrian-mannarino_vs_alejandro-tabilo@2026-09-25,2026-09-26
2026-09-24T19:43,2026-09-25_alejandro_tabilo_adrian_mannarino,Adrian Mannarino,bet365,2.75,2.5,9.3,10.0,live,,adrian-mannarino_vs_alejandro-tabilo@2026-09-25,2026-09-26
2026-09-25T09:34,2026-09-25_katie_volynets_kimberly_birrell,Katie Volynets,888sport,1.333,1.3,12.0,2.5,live,,birrell-kimberly_vs_katie-volynets@2026-09-25,2026-09-26
