date,tour,steame,opp,mag_cote_pct,mag_cote_pct_POSTHOC,mag_proba_pts,mag_proba_pts_POSTHOC,pin_open,pin_close,lead_min,entry_book,entry,soft_close,clv_book_pct,clv_vs_pin_pct,steame_gagne,pnl,uid
2026-10-06,ATP Challenger Wuning 3,Filip Peliwo,Max Purcell,28.1,33.5,3.0,3.8,12.43,8.27,74.0,unibet,10.0,10.0,0.0,20.9,oui,9.0,2026-10-06_max_purcell_filip_peliwo
2026-10-05,ATP Challenger Villena,Luca Nardi,Pablo Llamas Ruiz,12.7,2.6,5.3,1.2,2.67,2.6,493.0,betsson,2.49,2.45,1.6,-4.2,non,-1,2026-10-05_pablo_llamas_ruiz_luca_nardi
2026-10-05,ATP Challenger Antofagasta,Bernardo Munk Mesa,Hernan Casanova,11.7,18.3,4.0,6.7,3.17,2.59,353.0,bwin,3.0,2.4,25.0,15.8,oui,2.0,2026-10-05_hernan_casanova_bernardo_munk_mesa
2026-10-05,ATP Challenger Braga,Goncalo Marques,Nikolas Sanchez Izquierdo,11.5,2.8,2.0,0.5,6.53,6.35,113.0,unibet,6.75,6.75,0.0,6.3,non,-1,2026-10-05_goncalo_marques_nikolas_sanchez_izquierdo
2026-10-06,ATP Shanghai,Rigele TE,Ilia Simakin,11.0,11.0,2.0,2.0,6.21,5.53,18.0,unibet,5.4,5.4,0.0,-2.4,non,-1,2026-10-06_rigele_te_ilia_simakin
2026-10-06,ATP Challenger Villena,Georgii Kravchenko,Damir Dzumhur,10.8,8.3,3.8,2.9,3.14,2.88,239.0,unibet,2.95,2.6,13.5,2.4,,,2026-10-06_damir_dzumhur_georgii_kravchenko
2026-10-06,ATP Challenger Villena,Dominic Stricker,Laslo Djere,10.7,16.6,5.9,10.1,1.94,1.62,967.0,bwin,1.7,1.57,8.3,4.9,,,2026-10-06_dominic_stricker_laslo_djere
2026-10-07,WTA Beijing,Elise Mertens,Coco Gauff,9.6,10.5,2.2,2.5,4.78,4.28,1600.0,unibet,4.6,4.0,15.0,7.5,oui,3.6,2026-10-07_coco_gauff_elise_mertens
2026-10-06,ATP Challenger Villena,Diego Dedura-Palomero,Jack Pinnington Jones,9.4,9.4,4.2,4.2,2.45,2.22,50.0,unibet,2.4,2.16,11.1,8.1,non,-1,2026-10-06_diego_dedura_palomero_jack_pinnington_jones
2026-10-06,ATP Challenger Braga,Tiago Torres,Marvin Moeller,9.3,9.0,3.6,3.6,2.68,2.44,50.0,unibet,2.55,2.55,0.0,4.5,,,2026-10-06_marvin_moeller_tiago_torres
2026-10-05,ATP Challenger Palermo,Kalin Ivanovski,Federico Arnaboldi,9.0,9.0,4.5,4.5,2.08,1.89,8.0,betsson,2.0,1.93,3.6,5.7,oui,1.0,2026-10-05_federico_arnaboldi_kalin_ivanovski
2026-10-05,ATP Challenger Antofagasta,Gonzalo Villanueva,Nick Hardt,8.9,8.5,4.8,5.0,1.91,1.75,440.0,betsson,1.85,1.7,8.8,6.0,non,-1,2026-10-05_gonzalo_villanueva_nick_hardt
2026-10-06,ATP Challenger Wuning 3,Hikaru Shiraishi,Ryan Seggerman,8.7,8.7,2.4,2.4,3.93,3.59,29.0,unibet,3.6,3.6,0.0,0.3,non,-1,2026-10-06_ryan_seggerman_hikaru_shiraishi
2026-10-06,WTA Beijing,Ekaterina Alexandrova,Linda Noskova,8.6,6.2,2.2,1.7,4.18,3.92,1115.0,bwin,3.9,3.6,8.3,-0.5,oui,2.9,2026-10-06_linda_noskova_ekaterina_alexandrova
2026-10-06,ATP Shanghai,Aziz Dougaz,Federico Cina,8.3,10.2,2.8,3.7,3.13,2.81,337.0,bwin,2.75,2.75,0.0,-2.1,non,-1,2026-10-06_aziz_dougaz_federico_cina
2026-10-06,ATP Challenger Braga,Patrick Schoen,Andrej Nedic,8.2,8.6,3.8,4.1,2.2,2.01,644.0,betsson,2.03,1.95,4.1,1.0,,,2026-10-06_patrick_schoen_andrej_nedic
2026-10-05,ATP Challenger Palermo,Jonas Forejtek,Sandro Kopp,8.1,6.0,4.9,3.9,1.71,1.61,638.0,unibet,1.73,1.73,0.0,7.7,oui,0.73,2026-10-05_jonas_forejtek_sandro_kopp
2026-10-05,ATP Challenger Braga,Javier Barranco Cosano,Nicolas Barrientos,8.0,8.0,6.2,6.2,1.33,1.22,93.0,unibet,1.35,1.35,0.0,10.3,oui,0.35,2026-10-05_nicolas_barrientos_javier_barranco_cosano
2026-10-06,ATP Challenger Palermo,Gabriele Piraino,Jay Clarke,7.7,1.1,2.8,0.5,2.85,2.82,289.0,bwin,2.5,2.4,4.2,-11.3,oui,1.5,2026-10-06_jay_clarke_gabriele_piraino
2026-10-07,WTA Beijing,Alina Charaeva,Qinwen Zheng,7.6,6.4,2.0,1.7,4.23,3.96,386.0,unibet,4.1,4.1,0.0,3.5,non,-1,2026-10-07_alina_charaeva_qinwen_zheng
2026-10-06,ATP Challenger Villena,Joel Schwaerzler,Felix Balshaw,7.5,5.2,3.6,2.7,2.12,2.01,757.0,bwin,1.9,1.9,0.0,-5.5,oui,0.9,2026-10-06_felix_balshaw_joel_schwaerzler
2026-10-06,ATP Shanghai,Alexandre Muller,Mattia Bellucci,7.5,15.5,2.3,5.4,3.35,2.83,652.0,bwin,3.1,2.65,17.0,9.5,non,-1,2026-10-06_mattia_bellucci_alexandre_muller
2026-10-05,ATP Challenger Braga,Vladyslav Orlov,Johan Nikles,6.9,-4.6,2.7,1.6,2.61,2.73,293.0,betsson,2.55,2.55,0.0,-6.6,non,-1,2026-10-05_johan_nikles_vladyslav_orlov
2026-10-06,ATP Challenger Palermo,Michele Ribecai,Benito Sanchez Martinez,6.9,4.6,4.2,3.1,1.68,1.6,584.0,bwin,1.55,1.55,0.0,-3.2,oui,0.55,2026-10-06_michele_ribecai_benito_sanchez_martinez
2026-10-07,ATP Challenger Wuning 3,Yaroslav Demin,Akira Santillan,6.8,7.7,3.0,3.6,2.34,2.16,647.0,unibet,2.33,2.32,0.4,7.9,non,-1,2026-10-07_yaroslav_demin_akira_santillan
2026-10-08,ATP Shanghai,Camilo Ugo Carabelli,Ilia Simakin,6.4,3.0,2.3,1.2,2.96,2.87,1028.0,unibet,2.9,2.95,-1.7,1.0,,,2026-10-08_camilo_ugo_carabelli_ilia_simakin
2026-10-06,ATP Challenger Braga,Javier Barranco Cosano,Oleksii Krutykh,6.3,6.3,2.7,2.7,2.39,2.24,289.0,bwin,2.25,2.25,0.0,0.4,,,2026-10-06_oleksii_krutykh_javier_barranco_cosano
2026-10-06,ATP Challenger Wuning 3,Charles Broom,Alibek Kachmazov,6.1,6.1,3.1,3.1,1.99,1.87,617.0,betsson,1.83,1.86,-1.6,-2.1,non,-1,2026-10-06_alibek_kachmazov_charles_broom
2026-10-05,ATP Challenger Braga,Zsombor Piros,Tristan Boyer,5.6,5.9,3.9,4.1,1.56,1.47,32.0,bwin,1.53,1.45,5.5,4.2,oui,0.53,2026-10-05_zsombor_piros_tristan_boyer
2026-10-05,ATP Challenger Villena,Georgii Kravchenko,Hugo Grenier,5.5,4.4,2.1,1.8,2.72,2.6,227.0,betsson,2.65,2.55,3.9,1.9,oui,1.65,2026-10-05_hugo_grenier_georgii_kravchenko
2026-10-06,ATP Shanghai,Kyrian Jacquet,Rei Sakamoto,5.4,10.0,3.0,5.9,1.88,1.69,683.0,bwin,1.75,1.62,8.0,3.6,non,-1,2026-10-06_kyrian_jacquet_rei_sakamoto
2026-10-05,ATP Challenger Antofagasta,Alan Magadan,Joao Eduardo Schiessl,5.2,2.5,2.4,1.1,2.04,1.99,671.0,betsson,1.95,1.96,-0.5,-2.0,non,-1,2026-10-05_joao_eduardo_schiessl_alan_magadan
2026-10-05,ATP Challenger Palermo,Yanaki Milev,Daniel Siniakov,5.0,5.0,2.5,2.4,1.95,1.85,311.0,betsson,1.92,1.83,4.9,3.6,oui,0.92,2026-10-05_daniel_siniakov_yanaki_milev
2026-10-06,ATP Shanghai,Pavel Kotov,Aleksandar Vukic,5.0,7.2,2.9,4.6,1.77,1.64,733.0,betsson,1.7,1.6,6.2,3.6,oui,0.7,2026-10-06_pavel_kotov_aleksandar_vukic
2026-10-05,ATP Challenger Wuning 3,Beibit Zhukayev,Yaroslav Demin,4.8,4.8,3.1,3.0,1.77,1.69,191.0,betsson,1.69,1.69,0.0,0.1,non,-1,2026-10-05_beibit_zhukayev_yaroslav_demin
2026-10-06,ATP Challenger Villena,Pedro Martinez,August Holmgren,4.8,3.9,2.4,2.2,2.04,1.96,757.0,betsson,1.88,1.96,-4.1,-4.1,oui,0.88,2026-10-06_august_holmgren_pedro_martinez
2026-10-06,ATP Challenger Villena,Oliver Tarvet,Francesco Maestrelli,4.8,4.4,3.6,3.7,1.35,1.29,837.0,bwin,1.28,1.28,0.0,-0.7,oui,0.28,2026-10-06_francesco_maestrelli_oliver_tarvet
2026-10-06,ATP Shanghai,Bernard Tomic,Timofey Skatov,4.3,4.3,2.3,2.5,1.85,1.77,838.0,betsson,1.69,1.72,-1.7,-4.8,oui,0.69,2026-10-06_bernard_tomic_timofey_skatov
2026-10-07,ATP Shanghai,Adrian Mannarino,Nikoloz Basilashvili,4.3,4.3,2.1,2.4,1.96,1.88,293.0,unibet,1.91,1.91,0.0,1.8,oui,0.91,2026-10-07_adrian_mannarino_nikoloz_basilashvili
2026-10-07,ATP Challenger Antofagasta,Joao Lucas Reis Da Silva,Guido Ivan Justo,4.3,6.1,2.3,3.5,1.91,1.79,626.0,betsson,1.96,1.69,16.0,9.3,oui,0.96,2026-10-07_joao_lucas_reis_da_silva_guido_ivan_justo
2026-10-06,ATP Challenger Braga,Matej Dodig,Andrea Pellegrino,4.0,4.0,2.3,2.3,1.7,1.64,23.0,unibet,1.65,1.65,0.0,0.9,,,2026-10-06_matej_dodig_andrea_pellegrino
2026-10-06,ATP Challenger Wuning 3,Keisuke Saitoh,Dominik Palan,3.9,14.7,2.3,10.2,1.65,1.41,601.0,betsson,1.64,1.39,18.0,16.6,oui,0.64,2026-10-06_keisuke_saitoh_dominik_palan
2026-10-06,ATP Challenger Braga,Luka Mikrut,Sumit Nagal,3.7,3.7,2.8,2.8,1.34,1.29,401.0,unibet,1.29,1.29,0.0,0.2,,,2026-10-06_sumit_nagal_luka_mikrut
2026-10-06,ATP Challenger Palermo,Carlo Alberto Caniato,Max Wiskandt,3.7,3.2,2.8,2.8,1.3,1.26,401.0,unibet,1.28,1.28,0.0,1.5,oui,0.28,2026-10-06_carlo_alberto_caniato_max_wiskandt
2026-10-07,ATP Shanghai,Yibing Wu,Michael Zheng,3.6,2.6,2.0,1.6,1.85,1.81,356.0,unibet,1.82,1.7,7.1,0.8,oui,0.82,2026-10-07_yibing_wu_michael_zheng
2026-10-06,ATP Challenger Braga,Marco Cecchinato,Olle Wallin,3.4,3.1,2.3,2.4,1.44,1.39,50.0,unibet,1.43,1.43,0.0,2.7,,,2026-10-06_marco_cecchinato_olle_wallin
2026-10-05,ATP Beijing,Alex de Minaur,Hubert Hurkacz,3.2,5.5,2.1,3.4,1.79,1.69,125.0,bwin,1.72,1.67,3.0,1.5,oui,0.72,2026-10-05_alex_de_minaur_hubert_hurkacz
2026-10-08,ATP Shanghai,Cameron Norrie,Dalibor Svrcina,3.2,0.2,2.0,0.1,1.57,1.57,1421.0,unibet,1.55,1.55,0.0,-1.3,,,2026-10-08_cameron_norrie_dalibor_svrcina
2026-10-06,ATP Challenger Antofagasta,Juan Carlos Prado Angelo,Joao Eduardo Schiessl,2.2,2.2,2.1,2.1,1.22,1.2,32.0,unibet,1.25,1.25,0.0,4.5,oui,0.25,2026-10-06_juan_carlos_prado_angelo_joao_eduardo_schiessl
