date,tour,steame,opp,mag_cote_pct,mag_proba_pts,mag_proba_pts_POSTHOC,pin_open,pin_close,lead_min,entry_book,entry,soft_close,clv_book_pct,clv_vs_pin_pct,steame_gagne,pnl,uid
2026-09-06,ATP Challenger Istanbul 3,Kaya Arinc,Gabriel Ghetu,65.9,2.8,5.9,30.61,10.44,498.0,bwin,11.5,8.5,35.3,10.2,non,-1,2026-09-06_kaya_arinc_gabriel_ghetu
2026-08-31,US Open Men Singles,Roman Safiullin,Carlos Alcaraz,38.1,2.2,7.7,7.38,4.57,4700.0,unibet,6.1,4.5,35.6,33.5,non,-1,2026-08-31_roman_safiullin_carlos_alcaraz
2026-08-31,US Open Men Singles,Juan Manuel Cerundolo,Casper Ruud,36.0,3.1,14.0,3.94,2.52,4621.0,unibet,3.75,2.55,47.1,48.8,,,2026-08-31_juan_manuel_cerundolo_casper_ruud
2026-08-03,WTA Toronto,Kayla Cross,Katie Boulter,30.7,3.7,8.5,5.08,3.52,1868.0,unibet,4.5,3.5,28.6,27.8,,,wta_toronto_katie_boulter_vs_kayla_cross
2026-08-05,ATP Montreal,Titouan Droguet,Felix Auger-Aliassime,28.1,4.2,6.5,5.91,4.25,2264.0,unibet,5.2,4.35,19.5,22.4,,,atp_montreal_felix_auger-aliassime_vs_titouan_droguet
2026-09-05,US Open Women Singles,Cristina Bucsa,Coco Gauff,27.4,2.6,2.4,14.73,10.69,15.0,unibet,13.0,12.5,4.0,21.6,non,-1,2026-09-05_cristina_bucsa_coco_gauff
2026-08-13,ATP Cincinnati,Corentin Moutet,Hubert Hurkacz,24.0,2.3,8.9,3.42,2.6,1351.0,betsson,3.15,2.65,18.9,21.2,,,2026-08-13_corentin_moutet_hubert_hurkacz
2026-09-06,ATP Challenger Seville,Imanol Lopez Morillo,Pedro Vives Marcos,23.9,2.2,7.6,3.8,2.89,996.0,betsson,3.4,2.8,21.4,17.6,non,-1,2026-09-06_imanol_lopez_morillo_pedro_vives_marcos
2026-08-05,ATP Montreal,Tallon Griekspoor,Alexander Zverev,23.8,3.0,3.9,7.94,6.05,259.0,unibet,7.5,6.4,17.2,24.0,,,atp_montreal_alexander_zverev_vs_tallon_griekspoor
2026-09-05,US Open Men Singles,Dane Sweeny,Luciano Darderi,22.8,2.4,5.6,5.18,4.0,2163.0,betsson,5.25,3.83,37.1,31.2,non,-1,2026-09-05_luciano_darderi_dane_sweeny
2026-08-31,US Open Men Singles,Jurij Rodionov,Giovanni Mpetshi Perricard,21.1,2.2,11.2,2.37,1.87,3131.0,betsson,2.25,1.88,19.7,20.4,oui,1.25,2026-08-31_jurij_rodionov_giovanni_mpetshi_perricard
2026-09-03,US Open Women Singles,Oleksandra Oliynykova,Alexandra Eala,21.0,2.9,2.9,9.23,7.29,716.0,unibet,8.0,7.0,14.3,9.7,non,-1,2026-09-03_oleksandra_oliynykova_alexandra_eala
2026-08-05,WTA Toronto,Maya Joint,Sorana Cirstea,19.3,2.2,5.5,4.31,3.48,865.0,unibet,3.75,3.2,17.2,7.8,,,wta_toronto_maya_joint_vs_sorana_cirstea
2026-08-06,WTA Toronto,Alycia Parks,Alexandra Eala,19.2,2.5,3.6,6.61,5.34,927.0,unibet,5.0,5.0,0.0,-6.4,,,wta_toronto_alexandra_eala_vs_alycia_parks
2026-09-04,ATP Challenger Manacor,Alejo Sanchez Quilez,Mark Lajal,18.9,2.6,6.4,3.6,2.92,299.0,bwin,3.2,2.85,12.3,9.6,non,-1,2026-09-04_alejo_sanchez_quilez_mark_lajal
2026-08-04,ATP Montreal,Vit Kopriva,Jiri Lehecka,18.8,2.0,4.3,5.43,4.41,165.0,unibet,5.6,4.75,17.9,27.0,,,atp_montreal_jiri_lehecka_vs_vit_kopriva
2026-09-06,US Open Women Singles,Yuliia Starodubtseva,Elena Rybakina,18.6,2.0,2.6,8.86,7.21,247.0,unibet,8.0,7.5,6.7,11.0,non,-1,2026-09-06_yuliia_starodubtseva_elena_rybakina
2026-09-03,ATP Challenger Plovdiv 3,Yanaki Milev,Ignacio Parisca Romera,18.4,2.9,8.1,2.56,2.09,1164.0,bwin,2.4,2.05,17.1,14.8,oui,1.4,2026-09-03_yanaki_milev_ignacio_parisca_romera
2026-08-09,WTA Toronto,Alina Korneeva,Coco Gauff,18.2,2.0,4.2,5.22,4.27,2122.0,bwin,4.4,3.8,15.8,3.0,non,-1,2026-08-09_alina_korneeva_coco_gauff
2026-09-06,ATP Challenger Tulln,Robert Strombachs,Andrew Paulson,18.2,3.7,7.5,2.92,2.39,579.0,betsson,3.1,2.38,30.3,29.7,non,-1,2026-09-06_andrew_paulson_robert_strombachs
2026-09-06,ATP Challenger Tulln,Jonas Gundacker,Andrej Martin,17.7,2.3,3.5,5.49,4.52,412.0,betsson,4.8,4.5,6.7,6.2,non,-1,2026-09-06_andrej_martin_jonas_gundacker
2026-09-05,US Open Men Singles,Arthur Gea,Michael Zheng,17.2,2.6,7.7,2.67,2.21,2270.0,bwin,2.45,2.2,11.4,10.9,oui,1.45,2026-09-05_michael_zheng_arthur_gea
2026-08-01,WTA Toronto,Rebecca Sramkova,Mananchaya Sawangkaew,17.1,2.8,7.7,2.63,2.18,780.0,unibet,2.7,2.43,11.1,23.9,oui,1.7,wta_toronto_mananchaya_sawangkaew_vs_rebecca_sramkova
2026-08-13,ATP Cincinnati,Adrian Mannarino,Denis Shapovalov,16.1,2.6,7.6,2.54,2.13,432.0,unibet,2.5,2.05,22.0,17.4,non,-1,2026-08-13_denis_shapovalov_adrian_mannarino
2026-08-05,ATP Montreal,Daniel Merida,Ugo Humbert,16.0,4.2,5.4,3.5,2.94,907.0,unibet,3.15,3.05,3.3,7.1,,,atp_montreal_daniel_merida_vs_ugo_humbert
2026-09-06,ATP Challenger Cassis,Benjamin Pietri,Peter Makk,15.6,2.0,3.8,4.05,3.42,883.0,bwin,3.75,3.2,17.2,9.6,oui,2.75,2026-09-06_peter_makk_benjamin_pietri
2026-08-02,ATP Montreal,Sho Shimabukuro,Marin Cilic,15.3,2.1,6.9,2.62,2.22,835.0,unibet,2.6,2.12,22.6,17.1,,,atp_montreal_marin_cilic_vs_sho_shimabukuro
2026-09-05,US Open Women Singles,Qinwen Zheng,Madison Keys,15.2,2.7,6.3,2.83,2.4,1917.0,bwin,2.6,2.35,10.6,8.3,oui,1.6,2026-09-05_madison_keys_qinwen_zheng
2026-08-01,ATP Montreal,Justin Boulais,Adam Walton,15.0,2.1,2.8,6.39,5.43,188.0,unibet,6.25,5.3,17.9,15.1,non,-1,atp_montreal_adam_walton_vs_justin_boulais
2026-09-04,ATP Challenger Plovdiv 3,Georgii Kravchenko,Oleksandr Ovcharenko,15.0,2.9,7.1,2.46,2.09,1026.0,bwin,2.55,1.98,28.8,22.0,oui,1.55,2026-09-04_oleksandr_ovcharenko_georgii_kravchenko
2026-08-05,ATP Montreal,Thiago Agustin Tirante,Taylor Fritz,14.9,3.4,2.6,6.31,5.37,154.0,unibet,5.75,5.0,15.0,7.1,,,atp_montreal_taylor_fritz_vs_thiago_agustin_tirante
2026-08-31,US Open Women Singles,Mayar Sherif Ahmed Abdelaziz,Nikola Bartunkova,14.6,2.3,3.2,5.34,4.56,4724.0,betsson,5.65,4.29,31.7,23.9,non,-1,2026-08-31_nikola_bartunkova_mayar_sherif_ahmed_abdelaziz
2026-08-02,ATP Montreal,Nicolas Mejia,Martin Landaluce,14.4,2.9,4.6,3.62,3.1,731.0,unibet,3.65,3.0,21.7,17.7,,,atp_montreal_martin_landaluce_vs_nicolas_mejia
2026-08-09,ATP Montreal,Thiago Agustin Tirante,Learner Tien,14.1,2.2,4.8,3.47,2.98,2023.0,betsson,3.45,2.85,21.1,15.8,non,-1,2026-08-09_learner_tien_thiago_agustin_tirante
2026-08-05,WTA Toronto,Zeynep Sonmez,Maria Sakkari,14.0,2.6,5.7,2.85,2.45,2153.0,unibet,2.55,2.6,-1.9,4.1,,,wta_toronto_maria_sakkari_vs_zeynep_sonmez
2026-08-09,WTA Toronto,Elina Svitolina,Amanda Anisimova,14.0,3.8,8.4,1.94,1.67,2458.0,unibet,1.91,1.65,15.8,14.3,oui,0.91,2026-08-09_elina_svitolina_amanda_anisimova
2026-08-06,WTA Toronto,Talia Gibson,Ekaterina Alexandrova,13.6,3.2,6.7,2.36,2.04,1759.0,unibet,2.33,2.0,16.5,14.2,,,wta_toronto_ekaterina_alexandrova_vs_talia_gibson
2026-08-01,ATP Montreal,Nicolas Mejia,Marco Trungelliti,13.5,3.9,6.3,2.37,2.05,330.0,unibet,2.4,2.08,15.4,17.1,oui,1.4,atp_montreal_marco_trungelliti_vs_nicolas_mejia
2026-08-05,WTA Toronto,Caty McNally,Linda Noskova,13.1,3.1,3.2,4.66,4.05,2162.0,unibet,4.1,3.7,10.8,1.2,,,wta_toronto_caty_mcnally_vs_linda_noskova
2026-09-04,US Open Women Singles,Taylor Townsend,Diana Shnaider,13.0,2.4,5.4,2.69,2.34,1995.0,unibet,2.63,2.38,10.5,12.4,oui,1.63,2026-09-04_taylor_townsend_diana_shnaider
2026-09-03,US Open Men Singles,Jan-Lennard Struff,Francisco Cerundolo,12.6,4.3,5.1,2.86,2.5,1851.0,betsson,2.51,2.36,6.4,0.4,non,-1,2026-09-03_jan_lennard_struff_francisco_cerundolo
2026-09-06,ATP Challenger Cassis,Adil Kalyanpur,Matisse Bobichon,12.6,3.1,1.6,6.6,5.77,785.0,betsson,5.8,4.9,18.4,0.5,non,-1,2026-09-06_adil_kalyanpur_matisse_bobichon
2026-08-02,ATP Montreal,Benjamin Bonzi,Yannick Hanfmann,11.9,3.0,5.5,2.35,2.07,879.0,unibet,2.08,2.08,0.0,0.5,,,atp_montreal_benjamin_bonzi_vs_yannick_hanfmann
2026-09-06,US Open Men Singles,Alejandro Tabilo,Alexander Zverev,11.7,2.3,2.3,6.09,5.38,995.0,betsson,5.45,5.06,7.7,1.3,non,-1,2026-09-06_alexander_zverev_alejandro_tabilo
2026-08-01,ATP Montreal,Dane Sweeny,Shintaro Mochizuki,11.6,3.8,4.9,2.67,2.36,612.0,unibet,2.55,2.25,13.3,8.1,non,-1,atp_montreal_dane_sweeny_vs_shintaro_mochizuki
2026-09-06,ATP Challenger Cassis,Guillaume Dalmasso,Hugo Car,11.6,2.1,3.6,2.92,2.58,409.0,betsson,2.7,2.5,8.0,4.7,non,-1,2026-09-06_hugo_car_guillaume_dalmasso
2026-08-01,ATP Los Cabos,Cameron Norrie,Denis Shapovalov,11.5,2.2,7.1,1.85,1.64,768.0,unibet,1.8,1.57,14.6,9.7,non,-1,atp_los_cabos_cameron_norrie_vs_denis_shapovalov
2026-09-03,US Open Men Singles,Benjamin Bonzi,Ignacio Buse,11.5,3.0,5.6,2.35,2.08,817.0,betsson,2.24,2.01,11.5,7.7,oui,1.24,2026-09-03_benjamin_bonzi_ignacio_buse
2026-08-05,ATP Montreal,Terence Atmane,Karen Khachanov,11.4,2.7,5.1,2.55,2.26,804.0,unibet,2.38,2.16,10.2,5.3,,,atp_montreal_karen_khachanov_vs_terence_atmane
2026-09-06,ATP Challenger Cassis,Pierre Antoine Tailleu,Alec Deckers,11.4,2.7,2.4,5.26,4.66,777.0,betsson,5.6,4.5,24.4,20.2,oui,4.6,2026-09-06_alec_deckers_pierre_antoine_tailleu
2026-08-05,ATP Montreal,Alejandro Tabilo,Hubert Hurkacz,11.3,2.4,5.0,2.56,2.27,584.0,unibet,2.45,2.23,9.9,7.9,,,atp_montreal_alejandro_tabilo_vs_hubert_hurkacz
2026-08-05,ATP Montreal,Botic Van de Zandschulp,Daniil Medvedev,11.2,2.0,2.9,4.37,3.88,728.0,unibet,3.85,3.9,-1.3,-0.8,,,atp_montreal_botic_van_de_zandschulp_vs_daniil_medvedev
2026-09-04,US Open Men Singles,Tomas Martin Etcheverry,Mariano Navone,11.2,2.8,6.2,2.02,1.79,739.0,betsson,1.97,1.68,17.3,9.9,oui,0.97,2026-09-04_tomas_martin_etcheverry_mariano_navone
2026-08-02,WTA Memphis,Kristina Liutova,Darja Vidmanova,11.0,3.7,5.9,2.11,1.88,474.0,unibet,2.06,1.75,17.7,9.7,oui,1.06,wta_memphis_darja_vidmanova_vs_kristina_liutova
2026-08-31,US Open Women Singles,Daria Kasatkina,Paula Badosa,10.8,2.2,5.0,2.41,2.15,4702.0,bwin,2.35,2.1,11.9,9.3,non,-1,2026-08-31_daria_kasatkina_paula_badosa
2026-09-03,ATP Challenger Manacor,Daniel Rincon,Inaki Montes-de la Torre,10.7,2.3,6.0,2.0,1.79,348.0,bwin,1.9,1.72,10.5,6.3,non,-1,2026-09-03_daniel_rincon_inaki_montes_de_la_torre
2026-09-05,ATP Challenger Manacor,Inaki Montes-de la Torre,Luca Potenza,10.6,2.1,8.0,1.46,1.3,741.0,betsson,1.37,1.26,8.7,5.3,oui,0.37,2026-09-05_luca_potenza_inaki_montes_de_la_torre
2026-09-06,ATP Challenger Seville,Sergi Perez Contri,Alexander Ritschard,10.6,3.1,3.0,3.95,3.53,310.0,betsson,3.6,3.5,2.9,2.0,non,-1,2026-09-06_alexander_ritschard_sergi_perez_contri
2026-08-04,WTA Toronto,Shuai Zhang,Jelena Ostapenko,10.5,2.2,3.7,3.24,2.9,317.0,unibet,3.0,3.0,0.0,3.4,,,wta_toronto_jelena_ostapenko_vs_shuai_zhang
2026-08-05,WTA Toronto,Nikola Bartunkova,Clara Tauson,10.5,2.0,5.5,2.15,1.93,690.0,unibet,2.0,1.9,5.3,3.9,,,wta_toronto_clara_tauson_vs_nikola_bartunkova
2026-09-04,ATP Challenger Como,Max Schoenhaus,Matej Dodig,10.5,2.2,4.8,2.17,1.94,1454.0,bwin,2.1,1.8,16.7,8.1,non,-1,2026-09-04_max_schoenhaus_matej_dodig
2026-08-13,WTA Cincinnati,Taylor Townsend,Camila Osorio,10.3,3.1,6.5,1.78,1.6,1260.0,unibet,1.72,1.66,3.6,7.6,oui,0.72,2026-08-13_taylor_townsend_camila_osorio
2026-08-31,US Open Men Singles,Marco Trungelliti,Juncheng Shang,10.2,2.2,3.8,2.95,2.65,4616.0,unibet,3.0,2.7,11.1,13.2,oui,2.0,2026-08-31_juncheng_shang_marco_trungelliti
2026-08-02,ATP Montreal,James Duckworth,Christopher O'Connell,10.1,2.5,4.7,2.47,2.22,373.0,unibet,2.45,2.1,16.7,10.4,,,atp_montreal_christopher_o'connell_vs_james_duckworth
2026-09-03,ATP Challenger Porto,Hugo Dellien,Gilles Arnaud Bailly,10.1,3.2,7.6,1.46,1.31,1340.0,bwin,1.44,1.3,10.8,9.8,oui,0.44,2026-09-03_gilles_arnaud_bailly_hugo_dellien
2026-08-01,ATP Montreal,Dalibor Svrcina,Titouan Droguet,10.0,3.7,5.2,2.14,1.93,690.0,unibet,2.2,1.84,19.6,14.3,non,-1,atp_montreal_dalibor_svrcina_vs_titouan_droguet
2026-09-03,US Open Men Singles,Alexander Blockx,Marco Trungelliti,9.9,2.5,8.0,1.28,1.16,3522.0,unibet,1.23,1.12,9.8,6.2,oui,0.23,2026-09-03_alexander_blockx_marco_trungelliti
2026-08-13,WTA Cincinnati,Panna Udvardy,Cristina Bucsa,9.7,2.7,4.4,2.47,2.23,817.0,betsson,2.36,2.26,4.4,5.8,non,-1,2026-08-13_cristina_bucsa_panna_udvardy
2026-08-01,ATP Montreal,Aleksandar Vukic,Marcelo Tomas Barrios Vera,9.6,2.6,6.6,1.62,1.46,480.0,unibet,1.49,1.5,-0.7,1.9,oui,0.49,atp_montreal_aleksandar_vukic_vs_marcelo_tomas_barrios_vera
2026-08-05,WTA Toronto,Lanlana Tararudee,Amanda Anisimova,9.5,2.0,3.2,3.17,2.87,291.0,unibet,3.2,2.75,16.4,11.5,,,wta_toronto_amanda_anisimova_vs_lanlana_tararudee
2026-08-05,ATP Montreal,Zachary Svajda,Arthur Fils,9.5,2.5,2.5,3.89,3.52,121.0,unibet,3.7,3.7,0.0,5.1,,,atp_montreal_arthur_fils_vs_zachary_svajda
2026-08-13,WTA Cincinnati,Nadia Podoroska,Emiliana Arango,9.4,3.9,4.1,2.56,2.32,607.0,bwin,2.4,2.25,6.7,3.4,non,-1,2026-08-13_emiliana_arango_nadia_podoroska
2026-09-03,ATP Challenger Manacor,Michele Ribecai,Jack Pinnington Jones,9.3,2.3,3.7,2.79,2.53,358.0,bwin,2.6,2.35,10.6,2.8,non,-1,2026-09-03_michele_ribecai_jack_pinnington_jones
2026-08-02,ATP Montreal,Kyrian Jacquet,Gabriel Diallo,9.0,2.3,4.3,2.23,2.03,869.0,unibet,2.38,1.98,20.2,17.3,,,atp_montreal_gabriel_diallo_vs_kyrian_jacquet
2026-09-03,US Open Men Singles,Zachary Svajda,Arthur Gea,9.0,2.4,5.5,1.84,1.68,857.0,bwin,1.83,1.62,13.0,9.3,non,-1,2026-09-03_zachary_svajda_arthur_gea
2026-08-13,WTA Cincinnati,Rebecca Sramkova,Hanne Vandewinkel,8.9,4.3,3.3,2.47,2.25,438.0,betsson,2.25,2.15,4.7,0.0,non,-1,2026-08-13_hanne_vandewinkel_rebecca_sramkova
2026-08-13,WTA Toronto,Coco Gauff,Elena Rybakina,8.9,2.1,5.2,1.89,1.72,1347.0,betsson,1.86,1.64,13.4,7.9,non,-1,2026-08-13_coco_gauff_elena_rybakina
2026-08-03,ATP Washington,Taylor Fritz,Rafael Jodar,8.9,2.2,5.5,1.75,1.59,2062.0,unibet,1.76,1.58,11.4,10.6,,,atp_washington_rafael_jodar_vs_taylor_fritz
2026-08-04,ATP Montreal,Frances Tiafoe,Marin Cilic,8.9,2.3,6.2,1.61,1.47,593.0,unibet,1.54,1.43,7.7,5.1,,,atp_montreal_frances_tiafoe_vs_marin_cilic
2026-09-03,ATP Challenger Como,Pedro Martinez,Jay Clarke,8.8,2.8,5.1,1.66,1.51,1239.0,bwin,1.65,1.5,10.0,9.1,non,-1,2026-09-03_jay_clarke_pedro_martinez
2026-08-05,WTA Toronto,Anna Bondar,Elise Mertens,8.7,3.0,2.6,3.79,3.46,697.0,unibet,3.1,3.55,-12.7,-10.4,,,wta_toronto_anna_bondar_vs_elise_mertens
2026-08-01,WTA Memphis,Elvina Kalieva,Kristina Liutova,8.6,2.2,3.9,2.44,2.23,224.0,unibet,2.38,2.18,9.2,6.7,non,-1,wta_memphis_elvina_kalieva_vs_kristina_liutova
2026-08-02,WTA Toronto,Anna Blinkova,Rebecca Sramkova,8.6,2.3,5.1,1.89,1.73,755.0,unibet,1.91,1.73,10.4,10.5,,,wta_toronto_anna_blinkova_vs_rebecca_sramkova
2026-08-05,ATP Montreal,Sebastian Baez,Zizou Bergs,8.6,2.4,3.9,2.45,2.24,400.0,unibet,2.35,2.1,11.9,4.9,,,atp_montreal_sebastian_baez_vs_zizou_bergs
2026-09-03,US Open Men Singles,Tristan Schoolkate,Flavio Cobolli,8.6,2.4,1.9,5.21,4.76,502.0,betsson,5.12,4.45,15.1,7.6,non,-1,2026-09-03_tristan_schoolkate_flavio_cobolli
2026-09-03,US Open Women Singles,Himeno Sakatsume,Cristina Bucsa,8.3,2.9,3.2,2.89,2.65,571.0,unibet,2.75,2.5,10.0,3.8,non,-1,2026-09-03_cristina_bucsa_himeno_sakatsume
2026-09-06,ATP Challenger Genoa,Edoardo Cherie Ligniere,Federico Arnaboldi,8.3,2.1,1.8,4.2,3.85,360.0,unibet,3.95,3.95,0.0,2.6,non,-1,2026-09-06_edoardo_cherie_ligniere_federico_arnaboldi
2026-09-03,ATP Challenger Manacor,Jay Friend,Billy Harris,8.2,2.6,4.8,1.88,1.73,578.0,bwin,1.85,1.7,8.8,7.0,non,-1,2026-09-03_billy_harris_jay_friend
2026-08-03,WTA Toronto,Solana Sierra,Sloane Stephens,8.1,2.3,4.5,1.98,1.82,949.0,unibet,2.02,1.82,11.0,11.1,,,wta_toronto_sloane_stephens_vs_solana_sierra
2026-09-03,US Open Women Singles,Maria Sakkari,Yuliia Starodubtseva,7.9,2.9,5.4,1.62,1.5,751.0,unibet,1.61,1.52,5.9,7.5,non,-1,2026-09-03_maria_sakkari_yuliia_starodubtseva
2026-09-06,US Open Men Singles,Daniil Medvedev,Frances Tiafoe,7.9,2.6,5.1,1.74,1.6,2054.0,unibet,1.72,1.61,6.8,7.6,non,-1,2026-09-06_daniil_medvedev_frances_tiafoe
2026-09-03,US Open Men Singles,Alejandro Tabilo,Alexei Popyrin,7.8,2.2,4.9,1.76,1.62,2138.0,bwin,1.7,1.56,9.0,4.6,oui,0.7,2026-09-03_alexei_popyrin_alejandro_tabilo
2026-08-01,WTA Toronto,Varvara Lepchenko,Emerson Jones,7.7,2.1,2.9,2.73,2.52,194.0,unibet,2.65,2.55,3.9,5.2,non,-1,wta_toronto_emerson_jones_vs_varvara_lepchenko
2026-09-04,ATP Challenger Plovdiv 3,Valerio Aboian,Federico Iannaccone,7.7,2.3,4.1,2.05,1.89,11.0,betsson,1.97,1.88,4.8,4.1,oui,0.97,2026-09-04_valerio_aboian_federico_iannaccone
2026-09-03,US Open Women Singles,Yulia Putintseva,Qinwen Zheng,7.6,2.2,2.5,3.31,3.06,107.0,unibet,3.0,3.0,0.0,-2.0,non,-1,2026-09-03_qinwen_zheng_yulia_putintseva
2026-08-14,WTA Cincinnati,McCartney Kessler,Caty McNally,7.5,2.2,3.6,2.27,2.1,2202.0,unibet,2.4,2.0,20.0,14.3,non,-1,2026-08-14_caty_mcnally_mccartney_kessler
2026-08-01,ATP Montreal,Benjamin Bonzi,Hugo Dellien,7.5,2.6,6.4,1.3,1.21,570.0,unibet,1.22,1.18,3.4,1.2,oui,0.22,atp_montreal_benjamin_bonzi_vs_hugo_dellien
2026-08-13,WTA Cincinnati,Elena-Gabriela Ruse,Magda Linette,7.4,2.5,4.3,1.75,1.62,1595.0,bwin,1.75,1.62,8.0,8.2,oui,0.75,2026-08-13_elena_gabriela_ruse_magda_linette
2026-08-13,WTA Cincinnati,Maria Timofeeva,Katerina Siniakova,7.4,2.9,2.9,2.69,2.49,1064.0,unibet,2.75,2.75,0.0,10.4,,,2026-08-13_maria_timofeeva_katerina_siniakova
2026-09-03,ATP Challenger Como,Duje Ajdukovic,Juan Cruz Martin Manzano,7.3,2.4,4.7,1.73,1.6,854.0,bwin,1.7,1.57,8.3,6.1,oui,0.7,2026-09-03_duje_ajdukovic_juan_cruz_martin_manzano
2026-09-05,ATP Challenger Como,Juan Pablo Varillas,Jay Clarke,7.3,2.6,4.2,1.91,1.77,410.0,unibet,1.85,1.7,8.8,4.6,oui,0.85,2026-09-05_juan_pablo_varillas_jay_clarke
2026-08-05,ATP Montreal,Cameron Norrie,Ignacio Buse,7.2,2.0,5.3,1.52,1.41,456.0,unibet,1.5,1.41,6.4,6.2,,,atp_montreal_cameron_norrie_vs_ignacio_buse
2026-09-03,US Open Men Singles,Learner Tien,Gael Monfils,7.2,2.7,6.3,1.28,1.19,2378.0,betsson,1.22,1.16,5.2,3.0,oui,0.22,2026-09-03_gael_monfils_learner_tien
2026-09-04,US Open Women Singles,Karolina Muchova,Emma Navarro,7.2,2.8,6.1,1.32,1.23,2114.0,betsson,1.32,1.21,9.1,7.6,non,-1,2026-09-04_emma_navarro_karolina_muchova
2026-09-04,ATP Challenger Manacor,Inaki Montes-de la Torre,Jack Pinnington Jones,7.2,3.1,3.2,2.51,2.33,356.0,betsson,2.41,2.27,6.2,3.4,,,2026-09-04_inaki_montes_de_la_torre_jack_pinnington_jones
2026-08-02,WTA Toronto,Lois Boisson,Antonia Ruzic,7.0,3.1,3.7,2.09,1.94,705.0,unibet,2.17,1.85,17.3,11.7,,,wta_toronto_antonia_ruzic_vs_lois_boisson
2026-09-06,ATP Challenger Manacor,Inaki Montes-de la Torre,Felix Balshaw,7.0,2.3,3.1,2.44,2.27,1066.0,betsson,2.65,2.23,18.8,16.7,non,-1,2026-09-06_inaki_montes_de_la_torre_felix_balshaw
2026-08-14,ATP Montreal,Ben Shelton,Brandon Nakashima,6.9,2.1,5.0,1.52,1.41,1138.0,unibet,1.47,1.41,4.3,4.0,oui,0.47,2026-08-14_ben_shelton_brandon_nakashima
2026-08-01,ATP Montreal,Jacob Fearnley,Sebastian Ofner,6.9,2.5,4.7,1.61,1.5,470.0,unibet,1.61,1.46,10.3,7.2,oui,0.61,atp_montreal_jacob_fearnley_vs_sebastian_ofner
2026-08-13,ATP Cincinnati,Martin Landaluce,Jack Draper,6.8,2.5,1.9,3.69,3.44,1406.0,betsson,3.3,3.15,4.8,-4.1,oui,2.3,2026-08-13_martin_landaluce_jack_draper
2026-08-13,WTA Cincinnati,Anna Blinkova,Eva Lys,6.8,2.8,3.4,2.22,2.07,1039.0,unibet,2.06,2.06,0.0,-0.5,oui,1.06,2026-08-13_eva_lys_anna_blinkova
2026-09-04,US Open Women Singles,Marta Kostyuk,Ekaterina Alexandrova,6.8,2.4,5.6,1.36,1.27,1346.0,bwin,1.34,1.28,4.7,5.5,oui,0.34,2026-09-04_marta_kostyuk_ekaterina_alexandrova
2026-09-06,ATP Challenger Tulln,Henry Bernet,Luca Wiedenmann,6.8,2.3,5.8,1.3,1.21,456.0,betsson,1.21,1.19,1.7,0.2,oui,0.21,2026-09-06_luca_wiedenmann_henry_bernet
2026-09-03,US Open Women Singles,Nikola Bartunkova,Tatjana Maria,6.6,2.3,4.7,1.51,1.41,617.0,bwin,1.42,1.4,1.4,0.6,oui,0.42,2026-09-03_nikola_bartunkova_tatjana_maria
2026-09-03,US Open Men Singles,Yunchaokete Bu,Michael Zheng,6.5,2.2,2.6,2.76,2.58,914.0,betsson,2.51,2.47,1.6,-2.7,non,-1,2026-09-03_yunchaokete_bu_michael_zheng
2026-09-03,US Open Men Singles,Dalibor Svrcina,Luciano Darderi,6.5,3.5,3.1,2.3,2.15,309.0,betsson,2.22,2.15,3.3,3.3,non,-1,2026-09-03_luciano_darderi_dalibor_svrcina
2026-09-04,ATP Challenger Plovdiv 3,Dusan Obradovic,Thomas Faurel,6.5,2.3,1.9,3.86,3.61,794.0,bwin,3.5,3.2,9.4,-3.0,oui,2.5,2026-09-04_dusan_obradovic_thomas_faurel
2026-09-05,US Open Men Singles,Karen Khachanov,Benjamin Bonzi,6.5,2.1,4.7,1.53,1.43,1115.0,unibet,1.48,1.47,0.7,3.2,oui,0.48,2026-09-05_karen_khachanov_benjamin_bonzi
2026-09-06,US Open Women Singles,Aryna Sabalenka,Taylor Townsend,6.5,2.2,5.6,1.29,1.2,2241.0,unibet,1.16,1.14,1.8,-3.6,oui,0.16,2026-09-06_aryna_sabalenka_taylor_townsend
2026-08-05,ATP Montreal,Alexei Popyrin,Raphael Collignon,6.2,2.3,2.7,2.59,2.43,560.0,unibet,2.55,2.4,6.2,4.9,oui,1.55,atp_montreal_alexei_popyrin_vs_raphael_collignon
2026-09-04,US Open Men Singles,Stefanos Tsitsipas,Jiri Lehecka,6.2,2.2,2.5,2.74,2.57,2130.0,betsson,2.79,2.46,13.4,8.6,oui,1.79,2026-09-04_jiri_lehecka_stefanos_tsitsipas
2026-08-13,WTA Cincinnati,Kamilla Rakhimova,Kimberly Birrell,6.1,2.3,3.2,2.16,2.03,1454.0,betsson,2.15,1.94,10.8,6.0,oui,1.15,2026-08-13_kamilla_rakhimova_kimberly_birrell
2026-08-02,ATP Montreal,Titouan Droguet,Luca Van Assche,6.1,2.3,3.1,2.14,2.01,783.0,unibet,1.98,1.92,3.1,-1.4,,,atp_montreal_luca_van_assche_vs_titouan_droguet
2026-08-03,WTA Toronto,Victoria Jimenez Kasintseva,Alycia Parks,6.1,3.1,2.8,2.45,2.3,2018.0,unibet,2.33,2.25,3.6,1.3,,,wta_toronto_alycia_parks_vs_victoria_jimenez_kasintseva
2026-08-31,US Open Men Singles,Marcelo Tomas Barrios Vera,Alexander Blockx,6.1,2.4,1.3,5.27,4.95,690.0,unibet,4.9,4.9,0.0,-1.0,non,-1,2026-08-31_alexander_blockx_marcelo_tomas_barrios_vera
2026-08-05,WTA Toronto,Liudmila Samsonova,Barbora Krejcikova,6.0,3.0,2.7,2.51,2.36,852.0,unibet,2.35,2.35,0.0,-0.4,,,wta_toronto_barbora_krejcikova_vs_liudmila_samsonova
2026-09-05,US Open Women Singles,Naomi Osaka,Elise Mertens,6.0,2.4,4.5,1.37,1.29,519.0,unibet,1.34,1.34,0.0,3.8,oui,0.34,2026-09-05_naomi_osaka_elise_mertens
2026-08-02,WTA Toronto,Moyuka Uchijima,Cristina Bucsa,5.9,3.1,2.7,2.38,2.24,607.0,unibet,2.23,2.14,4.2,-0.4,oui,1.23,wta_toronto_cristina_bucsa_vs_moyuka_uchijima
2026-09-03,US Open Women Singles,Anna Bondar,Madison Keys,5.9,2.2,0.7,7.91,7.44,128.0,unibet,7.5,6.5,15.4,0.8,non,-1,2026-09-03_madison_keys_anna_bondar
2026-08-05,WTA Toronto,Mirra Andreeva,Karolina Pliskova,5.8,3.7,5.0,1.29,1.22,2090.0,unibet,1.34,1.23,8.9,10.3,,,wta_toronto_karolina_pliskova_vs_mirra_andreeva
2026-09-06,ATP Challenger Seville,Gerard Campana Lee,Lorenzo Carboni,5.8,2.5,3.3,1.96,1.85,809.0,bwin,1.98,1.78,11.2,7.2,oui,0.98,2026-09-06_gerard_campana_lee_lorenzo_carboni
2026-09-06,ATP Challenger Tulln,Rudolf Molleker,Svyatoslav Gulin,5.8,2.8,3.2,1.96,1.85,239.0,betsson,1.85,1.82,1.6,0.2,non,-1,2026-09-06_svyatoslav_gulin_rudolf_molleker
2026-08-13,WTA Cincinnati,Darja Vidmanova,Anhelina Kalinina,5.7,2.3,3.0,2.11,1.99,1455.0,unibet,2.04,2.07,-1.4,2.5,non,-1,2026-08-13_darja_vidmanova_anhelina_kalinina
2026-09-05,US Open Men Singles,Botic Van de Zandschulp,Zizou Bergs,5.7,2.7,3.8,1.64,1.54,2218.0,bwin,1.53,1.48,3.4,-0.8,oui,0.53,2026-09-05_zizou_bergs_botic_van_de_zandschulp
2026-08-31,US Open Men Singles,Arthur Fils,Stefanos Tsitsipas,5.6,2.3,4.9,1.26,1.19,4550.0,bwin,1.22,1.16,5.2,2.8,non,-1,2026-08-31_stefanos_tsitsipas_arthur_fils
2026-08-14,ATP Cincinnati,Zachary Svajda,Mattia Bellucci,5.5,2.9,3.7,1.66,1.57,2054.0,unibet,1.58,1.6,-1.2,0.6,non,-1,2026-08-14_zachary_svajda_mattia_bellucci
2026-09-06,US Open Men Singles,Carlos Alcaraz,Tommy Paul,5.5,2.7,4.7,1.28,1.21,2393.0,betsson,1.21,1.2,0.8,-0.3,oui,0.21,2026-09-06_tommy_paul_carlos_alcaraz
2026-08-05,ATP Montreal,Jacob Fearnley,Jakub Mensik,5.2,3.1,1.8,3.25,3.08,766.0,unibet,3.0,3.1,-3.2,-2.6,,,atp_montreal_jacob_fearnley_vs_jakub_mensik
2026-08-01,ATP Montreal,Christopher O'Connell,Jaime Faria,5.1,2.8,2.0,2.73,2.59,503.0,unibet,2.7,2.33,15.9,4.2,oui,1.7,atp_montreal_christopher_o'connell_vs_jaime_faria
2026-09-03,US Open Men Singles,Botic Van de Zandschulp,Alex de Minaur,5.1,2.5,1.4,4.06,3.85,885.0,betsson,4.18,3.16,32.3,8.6,oui,3.18,2026-09-03_botic_van_de_zandschulp_alex_de_minaur
2026-08-05,ATP Montreal,Joao Fonseca,Stefanos Tsitsipas,5.0,2.0,3.2,1.74,1.65,329.0,unibet,1.67,1.65,1.2,1.3,,,atp_montreal_joao_fonseca_vs_stefanos_tsitsipas
2026-08-31,US Open Women Singles,Aryna Sabalenka,Camila Osorio,5.0,2.8,5.3,1.1,1.04,4775.0,bwin,1.09,1.05,3.8,4.3,oui,0.09,2026-08-31_aryna_sabalenka_camila_osorio
2026-09-05,US Open Men Singles,Taylor Fritz,Francisco Cerundolo,5.0,2.5,3.9,1.21,1.15,1954.0,bwin,1.16,1.13,2.7,0.9,non,-1,2026-09-05_taylor_fritz_francisco_cerundolo
2026-08-13,ATP Cincinnati,Thiago Agustin Tirante,Jan Choinski,4.9,2.1,3.5,1.56,1.49,1614.0,unibet,1.52,1.44,5.6,2.2,oui,0.52,2026-08-13_thiago_agustin_tirante_jan_choinski
2026-08-02,ATP Montreal,Michael Zheng,Miomir Kecmanovic,4.9,2.2,3.0,1.81,1.72,413.0,unibet,1.73,1.68,3.0,0.3,,,atp_montreal_michael_zheng_vs_miomir_kecmanovic
2026-08-03,WTA Toronto,Kayla Day,Diane Parry,4.9,2.1,3.1,1.81,1.72,426.0,unibet,1.74,1.58,10.1,0.9,,,wta_toronto_diane_parry_vs_kayla_day
2026-08-05,ATP Montreal,Miomir Kecmanovic,Arthur Rinderknech,4.9,2.1,2.8,1.93,1.84,371.0,unibet,1.94,1.74,11.5,5.4,,,atp_montreal_arthur_rinderknech_vs_miomir_kecmanovic
2026-09-06,US Open Women Singles,Sorana Cirstea,Jessica Pegula,4.9,2.7,1.5,3.64,3.46,568.0,betsson,3.35,3.16,6.0,-3.2,non,-1,2026-09-06_jessica_pegula_sorana_cirstea
2026-08-13,WTA Toronto,Elena Rybakina,Iga Swiatek,4.8,2.3,2.4,2.31,2.2,908.0,unibet,2.23,2.25,-0.9,1.4,non,-1,2026-08-13_iga_swiatek_elena_rybakina
2026-08-03,WTA Toronto,Polina Kudermetova,Alina Korneeva,4.7,2.1,1.8,2.97,2.83,79.0,unibet,2.75,2.75,0.0,-2.8,,,wta_toronto_alina_korneeva_vs_polina_kudermetova
2026-08-04,WTA Toronto,Xinyu Wang,Daria Kasatkina,4.6,2.1,2.6,2.01,1.92,1815.0,unibet,1.96,1.96,0.0,2.2,,,wta_toronto_daria_kasatkina_vs_xinyu_wang
2026-08-31,US Open Women Singles,Yuliia Starodubtseva,Ella Seidel,4.6,2.4,3.5,1.45,1.39,4701.0,unibet,1.5,1.37,9.5,8.1,oui,0.5,2026-08-31_yuliia_starodubtseva_ella_seidel
2026-09-04,ATP Challenger Porto,Thiago Monteiro,Gustavo Heide,4.6,2.5,2.1,2.41,2.3,268.0,bwin,2.25,2.25,0.0,-2.2,non,-1,2026-09-04_gustavo_heide_thiago_monteiro
2026-08-13,WTA Cincinnati,Xiyu Wang,Polina Kudermetova,4.5,2.0,3.2,1.6,1.53,113.0,bwin,1.57,1.57,0.0,2.9,oui,0.57,2026-08-13_xiyu_wang_polina_kudermetova
2026-08-04,ATP Montreal,Shintaro Mochizuki,Fabian Marozsan,4.5,2.1,1.8,2.68,2.56,2123.0,unibet,2.6,2.6,0.0,1.6,,,atp_montreal_fabian_marozsan_vs_shintaro_mochizuki
2026-08-31,US Open Women Singles,Ann Li,Antonia Ruzic,4.5,2.6,3.7,1.35,1.29,4555.0,unibet,1.34,1.3,3.1,3.8,oui,0.34,2026-08-31_ann_li_antonia_ruzic
2026-08-31,US Open Men Singles,Camilo Ugo Carabelli,Jan-Lennard Struff,4.5,2.1,1.7,2.89,2.76,4635.0,unibet,3.1,2.48,25.0,12.3,non,-1,2026-08-31_camilo_ugo_carabelli_jan_lennard_struff
2026-09-05,US Open Women Singles,Elina Svitolina,Anna Kalinskaya,4.5,2.2,3.6,1.39,1.33,169.0,unibet,1.37,1.37,0.0,2.9,non,-1,2026-09-05_elina_svitolina_anna_kalinskaya
2026-09-06,ATP Challenger Cassis,Amit Vales,Mathieu Scaglia,4.5,3.3,3.3,1.35,1.29,788.0,betsson,1.34,1.3,3.1,3.6,non,-1,2026-09-06_mathieu_scaglia_amit_vales
2026-08-13,ATP Cincinnati,Rinky Hijikata,Gael Monfils,4.4,2.7,2.2,2.27,2.17,981.0,unibet,2.23,2.23,0.0,2.8,oui,1.23,2026-08-13_rinky_hijikata_gael_monfils
2026-08-03,ATP Montreal,Aleksandar Vukic,Daniel Altmaier,4.4,2.0,2.6,1.7,1.62,817.0,unibet,1.7,1.65,3.0,4.6,,,atp_montreal_aleksandar_vukic_vs_daniel_altmaier
2026-08-31,US Open Women Singles,Tamara Zidansek,Maria Timofeeva,4.4,2.2,1.7,2.95,2.82,172.0,betsson,2.76,2.72,1.5,-2.1,non,-1,2026-08-31_tamara_zidansek_maria_timofeeva
2026-08-04,WTA Toronto,Elena-Gabriela Ruse,Anastasia Potapova,4.3,2.6,2.4,2.07,1.98,237.0,unibet,2.06,2.06,0.0,4.0,,,wta_toronto_anastasia_potapova_vs_elena-gabriela_ruse
2026-08-05,WTA Toronto,Taylor Townsend,Marie Bouzkova,4.3,2.3,2.0,2.32,2.22,402.0,unibet,2.05,2.05,0.0,-7.7,,,wta_toronto_marie_bouzkova_vs_taylor_townsend
2026-08-31,US Open Women Singles,Sara Bejlek,Cristina Bucsa,4.2,2.5,3.5,1.32,1.26,4698.0,unibet,1.28,1.26,1.6,1.4,non,-1,2026-08-31_sara_bejlek_cristina_bucsa
2026-09-04,ATP Challenger Manacor,Felix Balshaw,Billy Harris,4.2,2.5,2.6,1.77,1.69,758.0,betsson,1.67,1.65,1.2,-1.4,oui,0.67,2026-09-04_billy_harris_felix_balshaw
2026-08-13,WTA Cincinnati,Ashlyn Krueger,Lois Boisson,4.1,2.2,3.2,1.43,1.37,139.0,bwin,1.4,1.36,2.9,2.4,non,-1,2026-08-13_ashlyn_krueger_lois_boisson
2026-09-06,ATP Challenger Seville,Pavel Lagutin,Mario Gonzalez Fernandez,4.1,3.6,3.8,1.24,1.19,203.0,betsson,1.21,1.17,3.4,1.8,oui,0.21,2026-09-06_mario_gonzalez_fernandez_pavel_lagutin
2026-09-06,ATP Challenger Phan Thiet 3,Kristjan Tamm,Dong Ju Kim,4.0,2.3,1.9,1.98,1.9,767.0,bwin,1.91,1.87,2.1,0.5,,,2026-09-06_dong_ju_kim_kristjan_tamm
2026-08-31,US Open Men Singles,Matteo Berrettini,Stan Wawrinka,3.9,2.3,3.3,1.31,1.26,4618.0,bwin,1.36,1.24,9.7,7.7,oui,0.36,2026-08-31_matteo_berrettini_stan_wawrinka
2026-09-04,US Open Men Singles,Daniil Medvedev,Arthur Rinderknech,3.9,2.0,3.2,1.39,1.33,602.0,betsson,1.34,1.32,1.5,0.5,oui,0.34,2026-09-04_daniil_medvedev_arthur_rinderknech
2026-09-04,ATP Challenger Porto,Alejandro Moro Canas,Pedro Vives Marcos,3.9,2.7,3.1,1.41,1.36,420.0,betsson,1.37,1.33,3.0,0.8,non,-1,2026-09-04_pedro_vives_marcos_alejandro_moro_canas
2026-09-04,ATP Challenger Zhangjiagang,Fajing Sun,Chun Hsin Tseng,3.9,2.1,1.6,2.79,2.68,272.0,betsson,2.75,2.65,3.8,2.6,non,-1,2026-09-04_chun_hsin_tseng_fajing_sun
2026-08-13,WTA Cincinnati,Simona Waltert,Petra Marcinko,3.8,2.5,1.9,2.13,2.05,249.0,unibet,2.12,2.12,0.0,3.4,oui,1.12,2026-08-13_simona_waltert_petra_marcinko
2026-08-02,ATP Los Cabos,Denis Shapovalov,Arthur Gea,3.8,2.0,2.4,1.71,1.65,764.0,unibet,1.63,1.63,0.0,-1.2,non,-1,atp_los_cabos_arthur_gea_vs_denis_shapovalov
2026-09-04,ATP Challenger Zhangjiagang,Kasidit Samrej,Enzo Aguiard,3.8,2.1,1.9,2.12,2.04,688.0,bwin,2.0,1.95,2.6,-2.0,oui,1.0,2026-09-04_kasidit_samrej_enzo_aguiard
2026-09-03,ATP Challenger Manacor,Felix Balshaw,Alexandre Muller,3.7,2.3,2.1,2.0,1.93,331.0,bwin,1.87,1.8,3.9,-2.9,oui,0.87,2026-09-03_felix_balshaw_alexandre_muller
2026-09-05,US Open Women Singles,Alexandra Eala,Iva Jovic,3.7,2.1,1.7,2.18,2.1,2374.0,bwin,2.1,2.0,5.0,0.0,non,-1,2026-09-05_iva_jovic_alexandra_eala
2026-08-31,US Open Men Singles,Harry Wendelken,Luciano Darderi,3.7,2.0,0.8,3.83,3.69,1816.0,bwin,3.4,3.4,0.0,-7.9,non,-1,2026-08-31_luciano_darderi_harry_wendelken
2026-09-06,US Open Women Singles,Marta Kostyuk,Linda Noskova,3.6,2.0,2.2,1.76,1.7,1646.0,bwin,1.67,1.67,0.0,-1.7,non,-1,2026-09-06_marta_kostyuk_linda_noskova
2026-08-05,ATP Montreal,Flavio Cobolli,Yannick Hanfmann,3.5,2.1,2.3,1.75,1.69,838.0,unibet,1.66,1.57,5.7,-1.7,,,atp_montreal_flavio_cobolli_vs_yannick_hanfmann
2026-08-02,WTA Toronto,Magdalena Frech,Leolia Jeanjean,3.4,2.4,2.5,1.59,1.54,365.0,unibet,1.56,1.56,0.0,1.5,,,wta_toronto_leolia_jeanjean_vs_magdalena_frech
2026-09-01,US Open Men Singles,Frances Tiafoe,Martin Damm Jr,3.4,2.6,2.3,1.29,1.25,85.0,unibet,1.25,1.25,0.0,0.3,oui,0.25,2026-09-01_martin_damm_jr_frances_tiafoe
2026-09-03,ATP Challenger Como,Johan Nikles,Filip Cristian Jianu,3.4,2.2,1.0,3.84,3.71,1291.0,bwin,3.7,3.5,5.7,-0.3,oui,2.7,2026-09-03_johan_nikles_filip_cristian_jianu
2026-08-31,US Open Men Singles,Ben Shelton,Tallon Griekspoor,3.3,3.3,2.9,1.18,1.14,5046.0,unibet,1.16,1.14,1.8,2.1,oui,0.16,2026-08-31_ben_shelton_tallon_griekspoor
2026-08-31,US Open Women Singles,Amanda Anisimova,Ashlyn Krueger,3.2,2.2,2.7,1.2,1.16,4657.0,unibet,1.16,1.13,2.7,0.1,oui,0.16,2026-08-31_ashlyn_krueger_amanda_anisimova
2026-09-03,US Open Women Singles,Iva Jovic,Francesca Jones,3.1,2.1,2.6,1.18,1.14,492.0,betsson,1.15,1.12,2.7,0.7,oui,0.15,2026-09-03_iva_jovic_francesca_jones
2026-09-03,US Open Men Singles,Mattia Bellucci,Taylor Fritz,3.1,2.8,0.5,7.1,6.88,2078.0,unibet,5.8,7.5,-22.7,-15.7,non,-1,2026-09-03_taylor_fritz_mattia_bellucci
2026-09-05,US Open Women Singles,Iga Swiatek,Marie Bouzkova,3.1,2.0,2.7,1.19,1.15,2064.0,betsson,1.16,1.13,2.7,0.7,oui,0.16,2026-09-05_iga_swiatek_marie_bouzkova
2026-08-31,US Open Men Singles,Botic Van de Zandschulp,Jan Choinski,3.0,2.1,2.6,1.33,1.29,4616.0,unibet,1.3,1.28,1.6,1.1,oui,0.3,2026-08-31_jan_choinski_botic_van_de_zandschulp
2026-09-04,US Open Men Singles,Alexander Zverev,Quentin Halys,3.0,2.2,2.6,1.18,1.15,24.0,unibet,1.16,1.16,0.0,1.2,oui,0.16,2026-09-04_alexander_zverev_quentin_halys
2026-08-13,WTA Cincinnati,Magdalena Frech,Antonia Ruzic,2.9,2.8,2.2,1.63,1.58,24.0,unibet,1.58,1.58,0.0,-0.3,oui,0.58,2026-08-13_antonia_ruzic_magdalena_frech
2026-08-31,US Open Men Singles,Rafael Jodar,Thanasi Kokkinakis,2.9,2.1,2.6,1.14,1.11,3426.0,bwin,1.12,1.11,0.9,0.8,,,2026-08-31_rafael_jodar_thanasi_kokkinakis
2026-09-06,ATP Challenger Tulln,Lukas Pokorny,Lucio Ratti,2.9,2.0,1.0,3.47,3.37,453.0,betsson,3.35,3.15,6.3,-0.6,oui,2.35,2026-09-06_lucio_ratti_lukas_pokorny
2026-08-04,WTA Toronto,McCartney Kessler,Anna Kalinskaya,2.7,2.8,1.2,2.57,2.5,37.0,unibet,2.38,2.38,0.0,-4.8,,,wta_toronto_anna_kalinskaya_vs_mccartney_kessler
2026-08-05,ATP Montreal,Valentin Vacherot,Mariano Navone,2.7,2.2,1.8,1.7,1.65,1834.0,unibet,1.64,1.55,5.8,-0.8,,,atp_montreal_mariano_navone_vs_valentin_vacherot
2026-08-31,US Open Men Singles,Andrey Rublev,Marin Cilic,2.6,2.1,2.2,1.36,1.33,3151.0,unibet,1.35,1.29,4.7,1.8,,,2026-08-31_marin_cilic_andrey_rublev
2026-09-06,ATP Challenger Como,Matej Dodig,Juan Pablo Varillas,2.6,2.7,2.0,1.54,1.5,978.0,betsson,1.42,1.43,-0.7,-5.1,oui,0.42,2026-09-06_matej_dodig_juan_pablo_varillas
2026-08-13,ATP Cincinnati,Raphael Collignon,Mariano Navone,2.4,2.3,1.6,1.75,1.71,1755.0,unibet,1.7,1.7,0.0,-0.5,non,-1,2026-08-13_mariano_navone_raphael_collignon
2026-09-03,ATP Challenger Manacor,Joel Schwaerzler,Luca Potenza,2.4,2.2,2.2,1.29,1.26,648.0,bwin,1.24,1.24,0.0,-1.7,non,-1,2026-09-03_luca_potenza_joel_schwaerzler
2026-09-04,ATP Challenger Porto,Hugo Dellien,Miguel Damas,2.4,2.3,2.3,1.23,1.2,45.0,bwin,1.2,1.2,0.0,0.1,oui,0.2,2026-09-04_miguel_damas_hugo_dellien
2026-08-01,ATP Los Cabos,Coleman Wong,Arthur Gea,2.3,3.4,1.3,2.16,2.11,376.0,unibet,2.18,2.18,0.0,3.3,non,-1,atp_los_cabos_arthur_gea_vs_coleman_wong
2026-08-07,WTA Toronto,Elina Svitolina,Anastasia Potapova,2.2,2.4,1.8,1.42,1.39,244.0,unibet,1.4,1.4,0.0,0.9,,,wta_toronto_anastasia_potapova_vs_elina_svitolina
2026-09-04,US Open Men Singles,Tommy Paul,Alexander Bublik,2.2,2.1,1.7,1.58,1.55,18.0,unibet,1.58,1.58,0.0,2.0,oui,0.58,2026-09-04_alexander_bublik_tommy_paul
2026-08-01,WTA Memphis,Katie Volynets,Darja Vidmanova,2.1,3.0,1.6,1.54,1.51,999.0,unibet,1.62,1.47,10.2,7.3,non,-1,wta_memphis_darja_vidmanova_vs_katie_volynets
2026-08-01,WTA Toronto,Katie Volynets,Sloane Stephens,2.1,4.0,1.8,1.36,1.33,630.0,unibet,1.44,1.34,7.5,8.0,,,wta_toronto_katie_volynets_vs_sloane_stephens
2026-08-02,WTA Toronto,Aoi Ito,Katherine Sebov,2.1,2.1,1.5,1.68,1.65,57.0,unibet,1.62,1.62,0.0,-1.5,non,-1,wta_toronto_aoi_ito_vs_katherine_sebov
2026-08-04,WTA Toronto,Madison Keys,Antonia Ruzic,2.1,3.1,2.1,1.21,1.19,169.0,unibet,1.18,1.18,0.0,-0.4,oui,0.18,wta_toronto_antonia_ruzic_vs_madison_keys
2026-08-09,WTA Toronto,Liudmila Samsonova,Elena Rybakina,2.1,2.2,0.7,3.83,3.75,563.0,unibet,3.65,3.45,5.8,-2.7,non,-1,2026-08-09_liudmila_samsonova_elena_rybakina
2026-08-01,ATP Montreal,Hugo Gaston,Duncan Chan,2.0,2.6,1.9,1.33,1.3,393.0,unibet,1.32,1.32,0.0,1.5,non,-1,atp_montreal_duncan_chan_vs_hugo_gaston
2026-08-04,ATP Montreal,Brandon Nakashima,Daniel Altmaier,2.0,2.0,1.8,1.32,1.3,312.0,unibet,1.32,1.29,2.3,1.6,,,atp_montreal_brandon_nakashima_vs_daniel_altmaier
2026-09-03,US Open Women Singles,Amanda Anisimova,Lilli Tagger,2.0,2.0,2.0,1.21,1.19,144.0,unibet,1.2,1.2,0.0,0.8,oui,0.2,2026-09-03_lilli_tagger_amanda_anisimova
2026-09-03,US Open Men Singles,Felix Auger-Aliassime,Karen Khachanov,2.0,2.7,1.8,1.38,1.35,318.0,unibet,1.37,1.32,3.8,1.3,non,-1,2026-09-03_felix_auger_aliassime_karen_khachanov
2026-09-06,ATP Challenger Seville,Santiago Rodriguez Taverna,Adam Martin Espinar,2.0,2.2,2.7,1.05,1.03,281.0,bwin,1.02,1.02,0.0,-1.3,oui,0.02,2026-09-06_santiago_rodriguez_taverna_adam_martin_espinar
2026-08-31,US Open Men Singles,Alexander Zverev,Lorenzo Sonego,1.9,2.1,2.4,1.08,1.06,4411.0,unibet,1.06,1.06,0.0,0.2,oui,0.06,2026-08-31_alexander_zverev_lorenzo_sonego
2026-08-13,ATP Cincinnati,Marco Trungelliti,Kei Nishikori,1.8,2.2,0.9,2.18,2.14,1035.0,bwin,2.2,2.05,7.3,2.8,oui,1.2,2026-08-13_marco_trungelliti_kei_nishikori
2026-08-01,WTA Toronto,Tatjana Maria,Isabella Marton,1.8,2.0,2.6,1.04,1.02,342.0,unibet,1.02,1.02,0.0,0.2,oui,0.02,wta_toronto_isabella_marton_vs_tatjana_maria
2026-08-01,ATP Montreal,Stefanos Tsitsipas,Keegan Rice,1.8,2.2,1.9,1.08,1.06,8.0,unibet,1.07,1.07,0.0,0.5,oui,0.07,atp_montreal_keegan_rice_vs_stefanos_tsitsipas
2026-08-31,US Open Women Singles,Belinda Bencic,Yulia Putintseva,1.8,2.2,1.1,1.24,1.22,4704.0,unibet,1.29,1.21,6.6,6.1,non,-1,2026-08-31_yulia_putintseva_belinda_bencic
2026-09-03,US Open Women Singles,Anastasia Potapova,Leolia Jeanjean,1.8,2.4,1.7,1.32,1.29,1872.0,betsson,1.32,1.24,6.5,2.0,oui,0.32,2026-09-03_anastasia_potapova_leolia_jeanjean
2026-09-03,ATP Challenger Manacor,Edas Butvilas,Remy Bertola,1.8,2.1,1.5,1.54,1.51,1332.0,bwin,1.4,1.5,-6.7,-7.6,oui,0.4,2026-09-03_edas_butvilas_remy_bertola
2026-08-31,US Open Men Singles,Lorenzo Musetti,Arthur Fery,1.6,2.0,1.6,1.28,1.26,524.0,bwin,1.24,1.24,0.0,-1.4,oui,0.24,2026-08-31_arthur_fery_lorenzo_musetti
2026-09-04,US Open Women Singles,Aryna Sabalenka,Kamilla Rakhimova,1.6,2.0,2.1,1.06,1.05,52.0,bwin,1.04,1.04,0.0,-0.6,oui,0.04,2026-09-04_aryna_sabalenka_kamilla_rakhimova
2026-08-13,ATP Cincinnati,Camilo Ugo Carabelli,Miomir Kecmanovic,1.4,2.3,0.5,3.67,3.62,1740.0,bwin,3.6,3.4,5.9,-0.6,non,-1,2026-08-13_camilo_ugo_carabelli_miomir_kecmanovic
2026-08-05,WTA Toronto,Coco Gauff,Kayla Day,1.4,2.1,1.8,1.08,1.07,180.0,unibet,1.06,1.06,0.0,-0.8,,,wta_toronto_coco_gauff_vs_kayla_day
2026-09-03,ATP Challenger Plovdiv 3,Juan Manuel La Serna,Nikita Mashtakov,1.3,3.1,1.2,1.43,1.42,1739.0,betsson,1.42,1.39,2.2,0.3,oui,0.42,2026-09-03_nikita_mashtakov_juan_manuel_la_serna
2026-09-03,US Open Women Singles,Mirra Andreeva,Eva Lys,1.2,2.1,3.0,1.1,1.09,62.0,bwin,1.08,1.06,1.9,-1.1,oui,0.08,2026-09-03_mirra_andreeva_eva_lys
2026-09-03,ATP Challenger Porto,Dimitar Kuzmanov,Miguel Damas,1.2,2.8,0.2,1.71,1.69,1128.0,betsson,1.68,1.66,1.2,-0.8,non,-1,2026-09-03_miguel_damas_dimitar_kuzmanov
2026-09-06,US Open Men Singles,Tomas Martin Etcheverry,Alex Michelsen,1.1,2.0,0.4,3.68,3.64,2047.0,betsson,3.55,3.35,6.0,-2.5,non,-1,2026-09-06_alex_michelsen_tomas_martin_etcheverry
2026-09-03,ATP Challenger Manacor,Mark Lajal,Ivan Ivanov,1.0,2.6,1.2,1.19,1.18,569.0,bwin,1.19,1.16,2.6,0.8,oui,0.19,2026-09-03_ivan_ivanov_mark_lajal
2026-08-31,US Open Women Singles,Oleksandra Oliynykova,Reese Brantmeier,0.9,2.3,0.7,1.96,1.94,4705.0,unibet,1.91,1.86,2.7,-1.7,oui,0.91,2026-08-31_oleksandra_oliynykova_reese_brantmeier
2026-08-09,ATP Montreal,Arthur Fils,Cameron Norrie,0.6,2.3,0.6,1.45,1.45,2067.0,unibet,1.42,1.35,5.2,-1.8,oui,0.42,2026-08-09_arthur_fils_cameron_norrie
2026-08-13,ATP Cincinnati,Roman Andres Burruchaga,Jan-Lennard Struff,0.5,3.6,0.5,2.16,2.15,1648.0,unibet,2.25,1.97,14.2,4.7,non,-1,2026-08-13_roman_andres_burruchaga_jan_lennard_struff
2026-09-05,US Open Men Singles,Alexander Blockx,Flavio Cobolli,0.4,2.2,0.5,2.01,2.0,517.0,betsson,1.93,1.93,0.0,-3.5,oui,0.93,2026-09-05_alexander_blockx_flavio_cobolli
2026-08-31,US Open Men Singles,Alejandro Tabilo,Yannick Hanfmann,0.3,4.1,0.4,1.77,1.77,4401.0,unibet,1.72,1.68,2.4,-2.8,oui,0.72,2026-08-31_yannick_hanfmann_alejandro_tabilo
2026-09-03,US Open Women Singles,Katerina Siniakova,Naomi Osaka,0.2,2.3,0.2,4.41,4.4,3188.0,betsson,3.89,4.12,-5.6,-11.6,non,-1,2026-09-03_naomi_osaka_katerina_siniakova
2026-08-01,WTA Toronto,Lucrezia Stefanini,Sofia Kenin,0.0,3.4,0.2,2.22,2.22,480.0,unibet,2.04,2.04,0.0,-8.1,oui,1.04,wta_toronto_lucrezia_stefanini_vs_sofia_kenin
2026-08-09,ATP Montreal,Daniel Merida,Tallon Griekspoor,0.0,3.2,0.2,2.15,2.15,1914.0,betsson,2.13,2.0,6.5,-0.9,oui,1.13,2026-08-09_tallon_griekspoor_daniel_merida
2026-09-04,US Open Men Singles,Daniel Merida,Alex Michelsen,0.0,3.6,0.2,2.62,2.62,2019.0,bwin,2.4,2.54,-5.5,-8.4,non,-1,2026-09-04_alex_michelsen_daniel_merida
2026-09-04,US Open Women Singles,Elena Rybakina,Jessica Bouzas Maneiro,-0.3,2.1,0.2,1.18,1.18,2523.0,betsson,1.16,1.15,0.9,-1.9,oui,0.16,2026-09-04_jessica_bouzas_maneiro_elena_rybakina
2026-08-31,US Open Men Singles,Valentin Vacherot,Aleksandar Kovacevic,-0.4,3.3,0.0,1.85,1.86,4532.0,betsson,1.83,1.77,3.4,-1.7,oui,0.83,2026-08-31_valentin_vacherot_aleksandar_kovacevic
2026-09-04,US Open Men Singles,Valentin Vacherot,Frances Tiafoe,-0.4,2.1,0.0,2.71,2.72,806.0,bwin,2.6,2.54,2.4,-4.4,non,-1,2026-09-04_valentin_vacherot_frances_tiafoe
2026-08-13,WTA Cincinnati,Katie Boulter,Katie Volynets,-0.5,2.7,0.0,2.16,2.17,1945.0,bwin,2.05,1.95,5.1,-5.5,oui,1.05,2026-08-13_katie_boulter_katie_volynets
2026-08-13,ATP Cincinnati,Mark Lajal,Aleksandar Vukic,-0.5,2.8,0.1,2.22,2.23,513.0,bwin,2.25,2.15,4.7,0.9,oui,1.25,2026-08-13_aleksandar_vukic_mark_lajal
2026-08-13,ATP Cincinnati,Marton Fucsovics,Terence Atmane,-0.7,3.1,0.1,2.88,2.9,1819.0,unibet,2.95,2.75,7.3,1.7,,,2026-08-13_marton_fucsovics_terence_atmane
2026-09-06,ATP Challenger Istanbul 3,Mert Naci Turker,Faris Zakaria,-0.8,2.6,0.3,2.57,2.59,434.0,bwin,2.4,2.4,0.0,-7.3,non,-1,2026-09-06_mert_naci_turker_faris_zakaria
2026-08-05,ATP Montreal,Nuno Borges,Tomas Martin Etcheverry,-1.5,2.2,0.6,1.56,1.58,503.0,unibet,1.55,1.5,3.3,-2.0,,,atp_montreal_nuno_borges_vs_tomas_martin_etcheverry
2026-08-01,ATP Montreal,Kyrian Jacquet,Aleksandr Shevchenko,-1.6,3.8,0.9,1.66,1.68,341.0,unibet,1.7,1.62,4.9,1.0,oui,0.7,atp_montreal_aleksandr_shevchenko_vs_kyrian_jacquet
2026-08-01,WTA Toronto,Hanyu Guo,Kayla Day,-1.7,3.7,0.7,2.38,2.42,63.0,unibet,2.3,2.28,0.9,-5.0,non,-1,wta_toronto_hanyu_guo_vs_kayla_day
2026-08-01,ATP Washington,Brandon Nakashima,Taylor Fritz,-2.0,2.6,0.6,2.55,2.6,331.0,unibet,2.55,2.5,2.0,-1.9,non,-1,atp_washington_brandon_nakashima_vs_taylor_fritz
2026-08-31,US Open Men Singles,Quentin Halys,Facundo Diaz Acosta,-2.0,2.3,1.1,1.34,1.37,4554.0,unibet,1.28,1.28,0.0,-6.6,oui,0.28,2026-08-31_quentin_halys_facundo_diaz_acosta
2026-09-04,US Open Women Singles,Sorana Cirstea,Jasmine Paolini,-2.2,2.2,1.0,1.56,1.6,1865.0,bwin,1.57,1.62,-3.1,-1.8,oui,0.57,2026-09-04_jasmine_paolini_sorana_cirstea
2026-08-31,US Open Men Singles,Francisco Comesana,Flavio Cobolli,-2.5,2.3,0.4,4.45,4.56,4607.0,unibet,5.2,4.1,26.8,14.0,non,-1,2026-08-31_francisco_comesana_flavio_cobolli
2026-08-31,US Open Women Singles,Katerina Siniakova,Elisabetta Cocciaretto,-2.6,2.6,1.3,1.53,1.57,4695.0,bwin,1.5,1.5,0.0,-4.5,oui,0.5,2026-08-31_elisabetta_cocciaretto_katerina_siniakova
2026-08-01,WTA Toronto,Sloane Stephens,Harriet Dart,-2.9,3.0,1.1,1.95,2.01,87.0,unibet,1.86,2.02,-7.9,-7.4,oui,0.86,wta_toronto_harriet_dart_vs_sloane_stephens
2026-09-06,ATP Challenger Seville,Jonas Forejtek,Alberto Barroso Campos,-2.9,2.1,1.9,1.22,1.25,725.0,bwin,1.12,1.21,-7.4,-10.6,oui,0.12,2026-09-06_jonas_forejtek_alberto_barroso_campos
2026-08-31,US Open Men Singles,Alexei Popyrin,Grigor Dimitrov,-4.5,2.3,1.4,2.68,2.8,3320.0,betsson,2.43,2.61,-6.9,-13.2,oui,1.43,2026-08-31_grigor_dimitrov_alexei_popyrin
2026-09-05,US Open Men Singles,Denis Shapovalov,Ben Shelton,-4.8,2.6,0.9,4.41,4.62,2270.0,bwin,4.1,3.8,7.9,-11.3,non,-1,2026-09-05_ben_shelton_denis_shapovalov
2026-09-03,ATP Challenger Manacor,Alejo Sanchez Quilez,Maks Kasnikowski,-5.2,2.6,2.4,2.13,2.24,562.0,unibet,2.16,2.16,0.0,-3.6,oui,1.16,2026-09-03_maks_kasnikowski_alejo_sanchez_quilez
2026-09-03,US Open Women Singles,Nadia Podoroska,Iga Swiatek,-5.3,2.1,0.1,36.18,38.08,3213.0,unibet,23.0,23.0,0.0,-39.6,non,-1,2026-09-03_iga_swiatek_nadia_podoroska
2026-08-03,WTA Toronto,Maya Joint,Yuliia Starodubtseva,-5.6,3.1,2.3,2.31,2.44,2107.0,unibet,2.33,2.23,4.5,-4.5,oui,1.33,wta_toronto_maya_joint_vs_yuliia_starodubtseva
2026-08-05,WTA Toronto,Renata Zarazua,Leylah Fernandez,-5.6,2.1,1.4,3.39,3.58,833.0,unibet,3.05,3.05,0.0,-14.8,,,wta_toronto_leylah_fernandez_vs_renata_zarazua
2026-08-31,US Open Men Singles,Benjamin Bonzi,Alex Molcan,-5.6,2.9,3.3,1.41,1.49,4636.0,bwin,1.33,1.45,-8.3,-10.4,oui,0.33,2026-08-31_alex_molcan_benjamin_bonzi
2026-08-13,WTA Cincinnati,Dayana Yastremska,Tatjana Maria,-6.0,2.1,2.5,2.01,2.13,1734.0,bwin,1.9,2.05,-7.3,-10.8,non,-1,2026-08-13_tatjana_maria_dayana_yastremska
2026-08-01,ATP Washington,Alejandro Tabilo,Ben Shelton,-7.0,2.2,1.7,3.72,3.98,282.0,unibet,3.4,3.6,-5.6,-14.6,oui,2.4,atp_washington_alejandro_tabilo_vs_ben_shelton
2026-08-13,ATP Cincinnati,Dino Prizmic,Cameron Norrie,-8.4,3.0,2.9,2.49,2.7,1529.0,unibet,2.45,2.7,-9.3,-9.3,non,-1,2026-08-13_cameron_norrie_dino_prizmic
2026-09-05,ATP Challenger Porto,Facundo Mena,Gustavo Heide,-9.2,2.3,2.2,3.49,3.81,893.0,bwin,3.4,3.5,-2.9,-10.8,oui,2.4,2026-09-05_gustavo_heide_facundo_mena
2026-09-06,US Open Men Singles,Stefanos Tsitsipas,Ben Shelton,-9.9,2.3,2.6,3.22,3.54,1023.0,unibet,3.2,3.5,-8.6,-9.6,non,-1,2026-09-06_ben_shelton_stefanos_tsitsipas
2026-08-04,WTA Toronto,Tatjana Maria,Caty McNally,-11.7,2.1,4.2,2.3,2.57,2240.0,unibet,2.28,2.38,-4.2,-11.3,,,wta_toronto_caty_mcnally_vs_tatjana_maria
2026-08-13,ATP Cincinnati,Henrique Rocha,Nicolas Mejia,-12.4,2.2,6.0,1.68,1.89,578.0,bwin,1.6,1.72,-7.0,-15.4,non,-1,2026-08-13_henrique_rocha_nicolas_mejia
2026-08-02,WTA Toronto,Emerson Jones,Lanlana Tararudee,-14.4,2.5,4.5,2.57,2.94,715.0,unibet,2.35,2.55,-7.8,-20.1,,,wta_toronto_emerson_jones_vs_lanlana_tararudee
2026-08-02,WTA Toronto,Lucrezia Stefanini,Camila Osorio,-14.5,2.6,4.2,2.83,3.24,624.0,unibet,2.63,3.0,-12.3,-18.8,non,-1,wta_toronto_camila_osorio_vs_lucrezia_stefanini
2026-09-03,ATP Challenger Porto,Alejandro Moro Canas,Marco Cecchinato,-14.6,3.6,5.5,2.19,2.51,1210.0,betsson,2.27,2.36,-3.8,-9.6,oui,1.27,2026-09-03_alejandro_moro_canas_marco_cecchinato
2026-09-05,ATP Challenger Porto,Pedro Vives Marcos,Hugo Dellien,-28.1,2.1,5.7,3.63,4.65,796.0,bwin,3.5,4.1,-14.6,-24.7,non,-1,2026-09-05_pedro_vives_marcos_hugo_dellien
2026-09-06,ATP Challenger Tulln,Timo Rosenkranz Koenig,Diego Dedura-Palomero,-28.9,3.1,1.0,21.87,28.19,85.0,betsson,11.0,11.0,0.0,-61.0,non,-1,2026-09-06_diego_dedura_palomero_timo_rosenkranz_koenig
